USE jobowit_db;

-- -----------------------------------------------------
-- address records
-- -----------------------------------------------------

insert into address (`street1`,`city`,`state`,`state_abr`,`post_code`,`country`) values(N'96 Darwinia Loop',N'WARMUN',N'Western Australia',N'WA',N'6743',N'Australia');
insert into address (`street1`,`city`,`state`,`state_abr`,`post_code`,`country`) values(N'51 Sale-Heyfield Road',N'JUMBUNNA',N'Victoria',N'VIC',N'3951',N'Australia');
insert into address (`street1`,`city`,`state`,`state_abr`,`post_code`,`country`) values(N'3 High Street',N'BRENTWOOD',N'South Australia',N'SA',N'5575',N'Australia');
insert into address (`street1`,`city`,`state`,`state_abr`,`post_code`,`country`) values(N'26 Bathurst Road',N'SOUTH BATHURST',N'New South Wales',N'NSW',N'2795',N'Australia');
insert into address (`street1`,`city`,`state`,`state_abr`,`post_code`,`country`) values(N'12 Commercial Street',N'JEPARIT',N'Victoria',N'VIC',N'3423',N'Australia');
insert into address (`street1`,`city`,`state`,`state_abr`,`post_code`,`country`) values(N'90 Sydney Road',N'YARRABIN',N'New South Wales',N'NSW',N'2850',N'Australia');
insert into address (`street1`,`city`,`state`,`state_abr`,`post_code`,`country`) values(N'86 Yulara Drive',N'HERMANNSBURG',N'Northern Territory',N'NT',N'0872',N'Australia');
insert into address (`street1`,`city`,`state`,`state_abr`,`post_code`,`country`) values(N'67 Ferny Avenue',N'CORAL COVE',N'Queensland',N'QLD',N'4670',N'Australia');
insert into address (`street1`,`city`,`state`,`state_abr`,`post_code`,`country`) values(N'55 Burnley Street',N'THE RANGE',N'South Australia',N'SA',N'5172',N'Australia');
insert into address (`street1`,`city`,`state`,`state_abr`,`post_code`,`country`) values(N'3 Seninis Road',N'BELGIAN GARDENS',N'Queensland',N'QLD',N'4810',N'Australia');
insert into address (`street1`,`city`,`state`,`state_abr`,`post_code`,`country`) values(N'77 Boobialla Street',N'HAY',N'New South Wales',N'NSW',N'2711',N'Australia');
insert into address (`street1`,`city`,`state`,`state_abr`,`post_code`,`country`) values(N'92 Ashton Road',N'DOODENANNING',N'Western Australia',N'WA',N'6383',N'Australia');
insert into address (`street1`,`city`,`state`,`state_abr`,`post_code`,`country`) values(N'61 Border Drive',N'EUBERTA',N'New South Wales',N'NSW',N'2650',N'Australia');
insert into address (`street1`,`city`,`state`,`state_abr`,`post_code`,`country`) values(N'74 Harris Street',N'GHIN GHIN',N'Victoria',N'VIC',N'3717',N'Australia');
insert into address (`street1`,`city`,`state`,`state_abr`,`post_code`,`country`) values(N'7 Prince Street',N'KYARRAN',N'New South Wales',N'NSW',N'2460',N'Australia');
insert into address (`street1`,`city`,`state`,`state_abr`,`post_code`,`country`) values(N'25 Queen Street',N'BEACON HILL',N'New South Wales',N'NSW',N'2100',N'Australia');
insert into address (`street1`,`city`,`state`,`state_abr`,`post_code`,`country`) values(N'73 Commercial Street',N'KYNETON SOUTH',N'Victoria',N'VIC',N'3444',N'Australia');
insert into address (`street1`,`city`,`state`,`state_abr`,`post_code`,`country`) values(N'72 Yarra Street',N'PITTONG',N'Victoria',N'VIC',N'3360',N'Australia');
insert into address (`street1`,`city`,`state`,`state_abr`,`post_code`,`country`) values(N'93 Lowe Street',N'NOORINDOO',N'Queensland',N'QLD',N'4417',N'Australia');
insert into address (`street1`,`city`,`state`,`state_abr`,`post_code`,`country`) values(N'33 Moores Drive',N'DAGLISH',N'Western Australia',N'WA',N'6008',N'Australia');
insert into address (`street1`,`city`,`state`,`state_abr`,`post_code`,`country`) values(N'5 Nerrigundah Drive',N'FIVE WAYS',N'Victoria',N'VIC',N'3977',N'Australia');
insert into address (`street1`,`city`,`state`,`state_abr`,`post_code`,`country`) values(N'49 Ferny Avenue',N'THABEBAN',N'Queensland',N'QLD',N'4670',N'Australia');
insert into address (`street1`,`city`,`state`,`state_abr`,`post_code`,`country`) values(N'93 Tennyson Road',N'LAKEMBA',N'New South Wales',N'NSW',N'2195',N'Australia');
insert into address (`street1`,`city`,`state`,`state_abr`,`post_code`,`country`) values(N'34 Kerma Crescent',N'MCKELLARS PARK',N'New South Wales',N'NSW',N'2790',N'Australia');
insert into address (`street1`,`city`,`state`,`state_abr`,`post_code`,`country`) values(N'12 Shirley Street',N'MAUDSLAND',N'Queensland',N'QLD',N'4210',N'Australia');
insert into address (`street1`,`city`,`state`,`state_abr`,`post_code`,`country`) values(N'72 Cambridge Street',N'FREEMANS REACH',N'New South Wales',N'NSW',N'2756',N'Australia');
insert into address (`street1`,`city`,`state`,`state_abr`,`post_code`,`country`) values(N'29 Warren Avenue',N'BRIGHTWATERS',N'New South Wales',N'NSW',N'2264',N'Australia');
insert into address (`street1`,`city`,`state`,`state_abr`,`post_code`,`country`) values(N'29 Faunce Crescent',N'HILLSTON',N'New South Wales',N'NSW',N'2675',N'Australia');
insert into address (`street1`,`city`,`state`,`state_abr`,`post_code`,`country`) values(N'57 Raglan Street',N'REDGATE',N'Queensland',N'QLD',N'4605',N'Australia');
insert into address (`street1`,`city`,`state`,`state_abr`,`post_code`,`country`) values(N'89 Woodwark Crescent',N'INNOT HOT SPRINGS',N'Queensland',N'QLD',N'4872',N'Australia');
insert into address (`street1`,`city`,`state`,`state_abr`,`post_code`,`country`) values(N'65 Watson Street',N'ECHUCA VILLAGE',N'Victoria',N'VIC',N'3564',N'Australia');
insert into address (`street1`,`city`,`state`,`state_abr`,`post_code`,`country`) values(N'67 Boland Drive',N'WOLLONGBAR',N'New South Wales',N'NSW',N'2477',N'Australia');
insert into address (`street1`,`city`,`state`,`state_abr`,`post_code`,`country`) values(N'42 Creedon Street',N'DALLAS',N'Victoria',N'VIC',N'3047',N'Australia');
insert into address (`street1`,`city`,`state`,`state_abr`,`post_code`,`country`) values(N'66 Millicent Drive',N'UNDERBANK',N'New South Wales',N'NSW',N'2420',N'Australia');
insert into address (`street1`,`city`,`state`,`state_abr`,`post_code`,`country`) values(N'35 Gadd Avenue',N'RISDON PARK',N'South Australia',N'SA',N'5540',N'Australia');
insert into address (`street1`,`city`,`state`,`state_abr`,`post_code`,`country`) values(N'96 Shell Road',N'FAIRHAVEN',N'Victoria',N'VIC',N'3231',N'Australia');
insert into address (`street1`,`city`,`state`,`state_abr`,`post_code`,`country`) values(N'91 Hargrave Road',N'AMBERLEY',N'Queensland',N'QLD',N'4306',N'Australia');
insert into address (`street1`,`city`,`state`,`state_abr`,`post_code`,`country`) values(N'41 Point Walter Road',N'ROTTNEST ISLAND',N'Western Australia',N'WA',N'6161',N'Australia');
insert into address (`street1`,`city`,`state`,`state_abr`,`post_code`,`country`) values(N'44 Taylor Street',N'KATUNGA',N'Victoria',N'VIC',N'3640',N'Australia');
insert into address (`street1`,`city`,`state`,`state_abr`,`post_code`,`country`) values(N'97 Tennyson Road',N'PUNCHBOWL',N'New South Wales',N'NSW',N'2196',N'Australia');
insert into address (`street1`,`city`,`state`,`state_abr`,`post_code`,`country`) values(N'37 Woolnough Road',N'SEAVIEW DOWNS',N'South Australia',N'SA',N'5049',N'Australia');
insert into address (`street1`,`city`,`state`,`state_abr`,`post_code`,`country`) values(N'78 Balonne Street',N'STEWARTS RIVER',N'New South Wales',N'NSW',N'2443',N'Australia');
insert into address (`street1`,`city`,`state`,`state_abr`,`post_code`,`country`) values(N'13 Badgery Road',N'TINDERRY',N'New South Wales',N'NSW',N'2620',N'Australia');
insert into address (`street1`,`city`,`state`,`state_abr`,`post_code`,`country`) values(N'19 Shadforth Street',N'KERANG EAST',N'Victoria',N'VIC',N'3579',N'Australia');
insert into address (`street1`,`city`,`state`,`state_abr`,`post_code`,`country`) values(N'23 Passage Avenue',N'SEISIA',N'Queensland',N'QLD',N'4876',N'Australia');
insert into address (`street1`,`city`,`state`,`state_abr`,`post_code`,`country`) values(N'49 Dabinett Road',N'TEAL FLAT',N'South Australia',N'SA',N'5238',N'Australia');
insert into address (`street1`,`city`,`state`,`state_abr`,`post_code`,`country`) values(N'44 Kaesler Road',N'MOUNT GAMBIER',N'South Australia',N'SA',N'5290',N'Australia');
insert into address (`street1`,`city`,`state`,`state_abr`,`post_code`,`country`) values(N'6 Brentwood Drive',N'MOUNT SURPRISE',N'Queensland',N'QLD',N'4871',N'Australia');
insert into address (`street1`,`city`,`state`,`state_abr`,`post_code`,`country`) values(N'52 Woerdens Road',N'NEATH',N'New South Wales',N'NSW',N'2326',N'Australia');
insert into address (`street1`,`city`,`state`,`state_abr`,`post_code`,`country`) values(N'44 Zipfs Road',N'TIVOLI',N'Queensland',N'QLD',N'4305',N'Australia');
insert into address (`street1`,`city`,`state`,`state_abr`,`post_code`,`country`) values(N'39 Shirley Street',N'MOUNT WARREN PARK',N'Queensland',N'QLD',N'4207',N'Australia');
insert into address (`street1`,`city`,`state`,`state_abr`,`post_code`,`country`) values(N'90 Clifton Street',N'WANALTA',N'Victoria',N'VIC',N'3612',N'Australia');
insert into address (`street1`,`city`,`state`,`state_abr`,`post_code`,`country`) values(N'26 Church Street',N'MENINGIE EAST',N'South Australia',N'SA',N'5264',N'Australia');
insert into address (`street1`,`city`,`state`,`state_abr`,`post_code`,`country`) values(N'30 Gilbert Street',N'HENRIETTA',N'Tasmania',N'TAS',N'7325',N'Australia');
insert into address (`street1`,`city`,`state`,`state_abr`,`post_code`,`country`) values(N'48 Bowden Street',N'ANNANDALE',N'New South Wales',N'NSW',N'2038',N'Australia');
insert into address (`street1`,`city`,`state`,`state_abr`,`post_code`,`country`) values(N'82 Berambing Crescent',N'LEETS VALE',N'New South Wales',N'NSW',N'2775',N'Australia');
insert into address (`street1`,`city`,`state`,`state_abr`,`post_code`,`country`) values(N'3 Isaac Road',N'BRADYS LAKE',N'Tasmania',N'TAS',N'7140',N'Australia');
insert into address (`street1`,`city`,`state`,`state_abr`,`post_code`,`country`) values(N'42 Kogil Street',N'WARIALDA RAIL',N'New South Wales',N'NSW',N'2402',N'Australia');
insert into address (`street1`,`city`,`state`,`state_abr`,`post_code`,`country`) values(N'94 Campbells River Road',N'MERRIGAL',N'New South Wales',N'NSW',N'2827',N'Australia');
insert into address (`street1`,`city`,`state`,`state_abr`,`post_code`,`country`) values(N'78 Railway Avenue',N'CANIAMBO',N'Victoria',N'VIC',N'3630',N'Australia');
insert into address (`street1`,`city`,`state`,`state_abr`,`post_code`,`country`) values(N'68 Halsey Road',N'SILVERTON',N'South Australia',N'SA',N'5204',N'Australia');
insert into address (`street1`,`city`,`state`,`state_abr`,`post_code`,`country`) values(N'17 Armstrong Street',N'PINE GROVE',N'Victoria',N'VIC',N'3573',N'Australia');
insert into address (`street1`,`city`,`state`,`state_abr`,`post_code`,`country`) values(N'84 Gaggin Street',N'CARRINGTON',N'New South Wales',N'NSW',N'2324',N'Australia');
insert into address (`street1`,`city`,`state`,`state_abr`,`post_code`,`country`) values(N'27 Cornish Street',N'CAROLINE SPRINGS',N'Victoria',N'VIC',N'3023',N'Australia');
insert into address (`street1`,`city`,`state`,`state_abr`,`post_code`,`country`) values(N'52 Railway Street',N'FELTON SOUTH',N'Queensland',N'QLD',N'4358',N'Australia');
insert into address (`street1`,`city`,`state`,`state_abr`,`post_code`,`country`) values(N'82 Trelawney Street',N'CENTENNIAL PARK',N'New South Wales',N'NSW',N'2021',N'Australia');
insert into address (`street1`,`city`,`state`,`state_abr`,`post_code`,`country`) values(N'96 Bass Street',N'CANIABA',N'New South Wales',N'NSW',N'2480',N'Australia');
insert into address (`street1`,`city`,`state`,`state_abr`,`post_code`,`country`) values(N'15 Maritime Avenue',N'DEEPDENE',N'Western Australia',N'WA',N'6290',N'Australia');
insert into address (`street1`,`city`,`state`,`state_abr`,`post_code`,`country`) values(N'96 Fergusson Street',N'WOOROOWOOLGAN',N'New South Wales',N'NSW',N'2470',N'Australia');
insert into address (`street1`,`city`,`state`,`state_abr`,`post_code`,`country`) values(N'18 Berambing Crescent',N'WHALAN',N'New South Wales',N'NSW',N'2770',N'Australia');
insert into address (`street1`,`city`,`state`,`state_abr`,`post_code`,`country`) values(N'91 Insignia Way',N'PICCADILLY',N'Western Australia',N'WA',N'6430',N'Australia');
insert into address (`street1`,`city`,`state`,`state_abr`,`post_code`,`country`) values(N'81 Sinclair Street',N'CUNNINGHAM',N'South Australia',N'SA',N'5571',N'Australia');
insert into address (`street1`,`city`,`state`,`state_abr`,`post_code`,`country`) values(N'30 Flinstone Drive',N'STEPPES',N'Tasmania',N'TAS',N'7030',N'Australia');
insert into address (`street1`,`city`,`state`,`state_abr`,`post_code`,`country`) values(N'28 Cassinia Street',N'PENARIE',N'New South Wales',N'NSW',N'2715',N'Australia');
insert into address (`street1`,`city`,`state`,`state_abr`,`post_code`,`country`) values(N'51 Plantation Place',N'FREEMANTLE',N'New South Wales',N'NSW',N'2795',N'Australia');
insert into address (`street1`,`city`,`state`,`state_abr`,`post_code`,`country`) values(N'32 Roseda-Tinamba Road',N'CALROSSIE',N'Victoria',N'VIC',N'3971',N'Australia');
insert into address (`street1`,`city`,`state`,`state_abr`,`post_code`,`country`) values(N'76 Kintyre Street',N'LOGANHOLME DC',N'Queensland',N'QLD',N'4129',N'Australia');
insert into address (`street1`,`city`,`state`,`state_abr`,`post_code`,`country`) values(N'53 Walters Street',N'GRETA SOUTH',N'Victoria',N'VIC',N'3675',N'Australia');
insert into address (`street1`,`city`,`state`,`state_abr`,`post_code`,`country`) values(N'31 Wallum Court',N'TOMEWIN',N'New South Wales',N'NSW',N'2484',N'Australia');
insert into address (`street1`,`city`,`state`,`state_abr`,`post_code`,`country`) values(N'71 Lapko Road',N'BREMER BAY',N'Western Australia',N'WA',N'6338',N'Australia');
insert into address (`street1`,`city`,`state`,`state_abr`,`post_code`,`country`) values(N'46 Kintyre Street',N'CRESTMEAD DC',N'Queensland',N'QLD',N'4132',N'Australia');
insert into address (`street1`,`city`,`state`,`state_abr`,`post_code`,`country`) values(N'76 Larissa Court',N'INGLEWOOD',N'Victoria',N'VIC',N'3517',N'Australia');
insert into address (`street1`,`city`,`state`,`state_abr`,`post_code`,`country`) values(N'73 Marlin Avenue',N'LADE VALE',N'New South Wales',N'NSW',N'2581',N'Australia');
insert into address (`street1`,`city`,`state`,`state_abr`,`post_code`,`country`) values(N'47 Kogil Street',N'KEERA',N'New South Wales',N'NSW',N'2404',N'Australia');
insert into address (`street1`,`city`,`state`,`state_abr`,`post_code`,`country`) values(N'93 Adavale Road',N'BAW BAW',N'New South Wales',N'NSW',N'2580',N'Australia');
insert into address (`street1`,`city`,`state`,`state_abr`,`post_code`,`country`) values(N'85 Arthur Street',N'MOUNT AQUILA',N'New South Wales',N'NSW',N'2820',N'Australia');
insert into address (`street1`,`city`,`state`,`state_abr`,`post_code`,`country`) values(N'9 Woolnough Road',N'MALVERN',N'South Australia',N'SA',N'5061',N'Australia');
insert into address (`street1`,`city`,`state`,`state_abr`,`post_code`,`country`) values(N'86 Normans Road',N'BULART',N'Victoria',N'VIC',N'3314',N'Australia');
insert into address (`street1`,`city`,`state`,`state_abr`,`post_code`,`country`) values(N'20 Magnolia Drive',N'PADSTOW',N'New South Wales',N'NSW',N'2211',N'Australia');
insert into address (`street1`,`city`,`state`,`state_abr`,`post_code`,`country`) values(N'31 Kaesler Road',N'SHORT',N'South Australia',N'SA',N'5279',N'Australia');
insert into address (`street1`,`city`,`state`,`state_abr`,`post_code`,`country`) values(N'12 Goldfields Road',N'CAWDOR',N'Queensland',N'QLD',N'4352',N'Australia');
insert into address (`street1`,`city`,`state`,`state_abr`,`post_code`,`country`) values(N'30 Hillsdale Road',N'HAWKWOOD',N'Queensland',N'QLD',N'4626',N'Australia');
insert into address (`street1`,`city`,`state`,`state_abr`,`post_code`,`country`) values(N'38 Learmouth Street',N'DRUMBORG',N'Victoria',N'VIC',N'3304',N'Australia');
insert into address (`street1`,`city`,`state`,`state_abr`,`post_code`,`country`) values(N'27 Ghost Hill Road',N'SOUTH MAROOTA',N'New South Wales',N'NSW',N'2756',N'Australia');
insert into address (`street1`,`city`,`state`,`state_abr`,`post_code`,`country`) values(N'14 Cunningham Street',N'GUNNEWIN',N'Queensland',N'QLD',N'4455',N'Australia');
insert into address (`street1`,`city`,`state`,`state_abr`,`post_code`,`country`) values(N'4 Amiens Road',N'AARONS PASS',N'New South Wales',N'NSW',N'2850',N'Australia');
insert into address (`street1`,`city`,`state`,`state_abr`,`post_code`,`country`) values(N'99 Wilson Street',N'CANNIE',N'Victoria',N'VIC',N'3540',N'Australia');
insert into address (`street1`,`city`,`state`,`state_abr`,`post_code`,`country`) values(N'59 Peninsula Drive',N'ILLAWONG',N'New South Wales',N'NSW',N'2234',N'Australia');
insert into address (`street1`,`city`,`state`,`state_abr`,`post_code`,`country`) values(N'9 Roseda-Tinamba Road',N'GELLIONDALE',N'Victoria',N'VIC',N'3971',N'Australia');
insert into address (`street1`,`city`,`state`,`state_abr`,`post_code`,`country`) values(N'80 Walters Street',N'LAKE MOKOAN',N'Victoria',N'VIC',N'3673',N'Australia');
insert into address (`street1`,`city`,`state`,`state_abr`,`post_code`,`country`) values(N'7 Saggers Road',N'DUNN ROCK',N'Western Australia',N'WA',N'6355',N'Australia');
insert into address (`street1`,`city`,`state`,`state_abr`,`post_code`,`country`) values(N'28 English Street',N'SWANPORT',N'South Australia',N'SA',N'5253',N'Australia');
insert into address (`street1`,`city`,`state`,`state_abr`,`post_code`,`country`) values(N'6 Boughtman Street',N'CLAYTON',N'Victoria',N'VIC',N'3168',N'Australia');
insert into address (`street1`,`city`,`state`,`state_abr`,`post_code`,`country`) values(N'24 Thule Drive',N'HALLELUJAH HILLS',N'South Australia',N'SA',N'5381',N'Australia');
insert into address (`street1`,`city`,`state`,`state_abr`,`post_code`,`country`) values(N'25 Monteagle Road',N'URIARRA',N'Australian Capital Territory',N'ACT',N'2611',N'Australia');
insert into address (`street1`,`city`,`state`,`state_abr`,`post_code`,`country`) values(N'18 Eshelby Drive',N'GUMLOW',N'Queensland',N'QLD',N'4815',N'Australia');
insert into address (`street1`,`city`,`state`,`state_abr`,`post_code`,`country`) values(N'36 Lewin Street',N'TARA',N'New South Wales',N'NSW',N'2665',N'Australia');
insert into address (`street1`,`city`,`state`,`state_abr`,`post_code`,`country`) values(N'3 Lapko Road',N'GNOWELLEN',N'Western Australia',N'WA',N'6328',N'Australia');
insert into address (`street1`,`city`,`state`,`state_abr`,`post_code`,`country`) values(N'88 McDowall Street',N'MONS',N'Queensland',N'QLD',N'4556',N'Australia');
insert into address (`street1`,`city`,`state`,`state_abr`,`post_code`,`country`) values(N'8 Cedar Street',N'TREBONNE',N'Queensland',N'QLD',N'4850',N'Australia');
insert into address (`street1`,`city`,`state`,`state_abr`,`post_code`,`country`) values(N'25 Boulter Close',N'FITZGERALD CREEK',N'Queensland',N'QLD',N'4860',N'Australia');
insert into address (`street1`,`city`,`state`,`state_abr`,`post_code`,`country`) values(N'50 Jones Road',N'FIG TREE POCKET',N'Queensland',N'QLD',N'4069',N'Australia');
insert into address (`street1`,`city`,`state`,`state_abr`,`post_code`,`country`) values(N'52 Denison Road',N'ARTHURS SEAT',N'Victoria',N'VIC',N'3936',N'Australia');
insert into address (`street1`,`city`,`state`,`state_abr`,`post_code`,`country`) values(N'3 Cecil Street',N'PENNANT HILLS',N'New South Wales',N'NSW',N'2120',N'Australia');
insert into address (`street1`,`city`,`state`,`state_abr`,`post_code`,`country`) values(N'53 Villeneuve Street',N'BRUARONG',N'Victoria',N'VIC',N'3749',N'Australia');
insert into address (`street1`,`city`,`state`,`state_abr`,`post_code`,`country`) values(N'27 Manchester Road',N'FORBESDALE',N'New South Wales',N'NSW',N'2422',N'Australia');
insert into address (`street1`,`city`,`state`,`state_abr`,`post_code`,`country`) values(N'67 Farnell Street',N'EUCHAREENA',N'New South Wales',N'NSW',N'2866',N'Australia');
insert into address (`street1`,`city`,`state`,`state_abr`,`post_code`,`country`) values(N'91 Hillsdale Road',N'COONAMBULA',N'Queensland',N'QLD',N'4626',N'Australia');
insert into address (`street1`,`city`,`state`,`state_abr`,`post_code`,`country`) values(N'8 Hill Street',N'NORTH BRUNY',N'Tasmania',N'TAS',N'7150',N'Australia');
insert into address (`street1`,`city`,`state`,`state_abr`,`post_code`,`country`) values(N'50 Carlisle Street',N'BOHO SOUTH',N'Victoria',N'VIC',N'3669',N'Australia');
insert into address (`street1`,`city`,`state`,`state_abr`,`post_code`,`country`) values(N'96 Reynolds Road',N'CEDAR POCKET',N'Queensland',N'QLD',N'4570',N'Australia');
insert into address (`street1`,`city`,`state`,`state_abr`,`post_code`,`country`) values(N'94 Railway Avenue',N'GIRGARRE EAST',N'Victoria',N'VIC',N'3616',N'Australia');
insert into address (`street1`,`city`,`state`,`state_abr`,`post_code`,`country`) values(N'69 Tapleys Hill Road',N'BLAKEVIEW',N'South Australia',N'SA',N'5114',N'Australia');
insert into address (`street1`,`city`,`state`,`state_abr`,`post_code`,`country`) values(N'94 Lowe Street',N'NANGRAM',N'Queensland',N'QLD',N'4416',N'Australia');
insert into address (`street1`,`city`,`state`,`state_abr`,`post_code`,`country`) values(N'97 Boorie Road',N'UPPER YARRAMAN',N'Queensland',N'QLD',N'4614',N'Australia');
insert into address (`street1`,`city`,`state`,`state_abr`,`post_code`,`country`) values(N'29 Shadforth Street',N'LAKE MERAN',N'Victoria',N'VIC',N'3579',N'Australia');
insert into address (`street1`,`city`,`state`,`state_abr`,`post_code`,`country`) values(N'25 Ashton Road',N'MOUNT COOKE',N'Western Australia',N'WA',N'6390',N'Australia');
insert into address (`street1`,`city`,`state`,`state_abr`,`post_code`,`country`) values(N'6 Henley Beach Road',N'URAIDLA',N'South Australia',N'SA',N'5142',N'Australia');
insert into address (`street1`,`city`,`state`,`state_abr`,`post_code`,`country`) values(N'95 Yulara Drive',N'URAPUNTJA',N'Northern Territory',N'NT',N'0872',N'Australia');
insert into address (`street1`,`city`,`state`,`state_abr`,`post_code`,`country`) values(N'98 McLachlan Street',N'BLACKHEATH',N'Victoria',N'VIC',N'3401',N'Australia');
insert into address (`street1`,`city`,`state`,`state_abr`,`post_code`,`country`) values(N'68 Elgin Street',N'POKOLBIN',N'New South Wales',N'NSW',N'2320',N'Australia');
insert into address (`street1`,`city`,`state`,`state_abr`,`post_code`,`country`) values(N'83 Normans Road',N'KONONGWOOTONG',N'Victoria',N'VIC',N'3315',N'Australia');
insert into address (`street1`,`city`,`state`,`state_abr`,`post_code`,`country`) values(N'58 Plug Street',N'NEWSTEAD',N'New South Wales',N'NSW',N'2360',N'Australia');
insert into address (`street1`,`city`,`state`,`state_abr`,`post_code`,`country`) values(N'16 Walpole Avenue',N'ILLOWA',N'Victoria',N'VIC',N'3282',N'Australia');
insert into address (`street1`,`city`,`state`,`state_abr`,`post_code`,`country`) values(N'5 Jacabina Court',N'WOMBARRA',N'New South Wales',N'NSW',N'2515',N'Australia');
insert into address (`street1`,`city`,`state`,`state_abr`,`post_code`,`country`) values(N'20 Eshelby Drive',N'BOHLE',N'Queensland',N'QLD',N'4818',N'Australia');
insert into address (`street1`,`city`,`state`,`state_abr`,`post_code`,`country`) values(N'37 Queen Street',N'BROOKVALE',N'New South Wales',N'NSW',N'2100',N'Australia');
insert into address (`street1`,`city`,`state`,`state_abr`,`post_code`,`country`) values(N'15 Hebbard Street',N'MOORABBIN EAST',N'Victoria',N'VIC',N'3189',N'Australia');
insert into address (`street1`,`city`,`state`,`state_abr`,`post_code`,`country`) values(N'3 Eurack Court',N'GODFREYS CREEK',N'New South Wales',N'NSW',N'2586',N'Australia');
insert into address (`street1`,`city`,`state`,`state_abr`,`post_code`,`country`) values(N'17 Eshelby Drive',N'YABULU',N'Queensland',N'QLD',N'4818',N'Australia');
insert into address (`street1`,`city`,`state`,`state_abr`,`post_code`,`country`) values(N'38 Clifton Street',N'PIANGIL',N'Victoria',N'VIC',N'3597',N'Australia');
insert into address (`street1`,`city`,`state`,`state_abr`,`post_code`,`country`) values(N'43 Passage Avenue',N'CARAVONICA',N'Queensland',N'QLD',N'4878',N'Australia');
insert into address (`street1`,`city`,`state`,`state_abr`,`post_code`,`country`) values(N'48 Cecil Street',N'MELROSE PARK',N'New South Wales',N'NSW',N'2114',N'Australia');
insert into address (`street1`,`city`,`state`,`state_abr`,`post_code`,`country`) values(N'77 Watson Street',N'PATHO WEST',N'Victoria',N'VIC',N'3564',N'Australia');
insert into address (`street1`,`city`,`state`,`state_abr`,`post_code`,`country`) values(N'79 Fernleigh Ave',N'WONGARBON',N'New South Wales',N'NSW',N'2831',N'Australia');
insert into address (`street1`,`city`,`state`,`state_abr`,`post_code`,`country`) values(N'41 Romawi Road',N'SARSFIELD',N'Victoria',N'VIC',N'3875',N'Australia');
insert into address (`street1`,`city`,`state`,`state_abr`,`post_code`,`country`) values(N'54 Normans Road',N'EDENHOPE',N'Victoria',N'VIC',N'3318',N'Australia');
insert into address (`street1`,`city`,`state`,`state_abr`,`post_code`,`country`) values(N'73 Thule Drive',N'BAGOT WELL',N'South Australia',N'SA',N'5373',N'Australia');
insert into address (`street1`,`city`,`state`,`state_abr`,`post_code`,`country`) values(N'69 Grayson Street',N'MARAGLE',N'New South Wales',N'NSW',N'2653',N'Australia');
insert into address (`street1`,`city`,`state`,`state_abr`,`post_code`,`country`) values(N'27 Sale Street',N'BLETCHINGTON',N'New South Wales',N'NSW',N'2800',N'Australia');
insert into address (`street1`,`city`,`state`,`state_abr`,`post_code`,`country`) values(N'99 Holthouse Road',N'WILLOUGHBY',N'South Australia',N'SA',N'5222',N'Australia');
insert into address (`street1`,`city`,`state`,`state_abr`,`post_code`,`country`) values(N'18 Tennyson Road',N'ARNCLIFFE',N'New South Wales',N'NSW',N'2205',N'Australia');
insert into address (`street1`,`city`,`state`,`state_abr`,`post_code`,`country`) values(N'61 Woerdens Road',N'KURRI KURRI',N'New South Wales',N'NSW',N'2327',N'Australia');
insert into address (`street1`,`city`,`state`,`state_abr`,`post_code`,`country`) values(N'74 Ugoa Street',N'TIONA',N'New South Wales',N'NSW',N'2428',N'Australia');
insert into address (`street1`,`city`,`state`,`state_abr`,`post_code`,`country`) values(N'44 Austin Road',N'KATHERINE',N'Northern Territory',N'NT',N'0850',N'Australia');
insert into address (`street1`,`city`,`state`,`state_abr`,`post_code`,`country`) values(N'23 Prince Street',N'TRENAYR',N'New South Wales',N'NSW',N'2460',N'Australia');
insert into address (`street1`,`city`,`state`,`state_abr`,`post_code`,`country`) values(N'33 Flax Court',N'DEDERANG',N'Victoria',N'VIC',N'3691',N'Australia');
insert into address (`street1`,`city`,`state`,`state_abr`,`post_code`,`country`) values(N'67 Armstrong Street',N'TANDARRA',N'Victoria',N'VIC',N'3571',N'Australia');
insert into address (`street1`,`city`,`state`,`state_abr`,`post_code`,`country`) values(N'3 Albert Street',N'CEDAR VALE',N'Queensland',N'QLD',N'4285',N'Australia');
insert into address (`street1`,`city`,`state`,`state_abr`,`post_code`,`country`) values(N'59 Thyme Avenue',N'BACK PLAINS',N'Queensland',N'QLD',N'4361',N'Australia');
insert into address (`street1`,`city`,`state`,`state_abr`,`post_code`,`country`) values(N'59 Walpole Avenue',N'PRINCETOWN',N'Victoria',N'VIC',N'3269',N'Australia');
insert into address (`street1`,`city`,`state`,`state_abr`,`post_code`,`country`) values(N'87 South Street',N'KINGSTON',N'Tasmania',N'TAS',N'7050',N'Australia');
insert into address (`street1`,`city`,`state`,`state_abr`,`post_code`,`country`) values(N'48 Scenic Road',N'ROCKY PLAIN',N'New South Wales',N'NSW',N'2628',N'Australia');
insert into address (`street1`,`city`,`state`,`state_abr`,`post_code`,`country`) values(N'24 Banksia Court',N'TANGORIN',N'Queensland',N'QLD',N'4821',N'Australia');
insert into address (`street1`,`city`,`state`,`state_abr`,`post_code`,`country`) values(N'71 Bailey Street',N'NARRAWONG',N'Victoria',N'VIC',N'3285',N'Australia');
insert into address (`street1`,`city`,`state`,`state_abr`,`post_code`,`country`) values(N'45 Cherokee Road',N'DRY DIGGINGS',N'Victoria',N'VIC',N'3461',N'Australia');
insert into address (`street1`,`city`,`state`,`state_abr`,`post_code`,`country`) values(N'79 Ageston Road',N'BUNJURGEN',N'Queensland',N'QLD',N'4310',N'Australia');
insert into address (`street1`,`city`,`state`,`state_abr`,`post_code`,`country`) values(N'44 Cherry Grove',N'QUEENSTOWN',N'Tasmania',N'TAS',N'7467',N'Australia');
insert into address (`street1`,`city`,`state`,`state_abr`,`post_code`,`country`) values(N'63 Hart Street',N'ELLERSTON',N'New South Wales',N'NSW',N'2337',N'Australia');
insert into address (`street1`,`city`,`state`,`state_abr`,`post_code`,`country`) values(N'40 Myrtle Street',N'MYRRHEE',N'Victoria',N'VIC',N'3732',N'Australia');
insert into address (`street1`,`city`,`state`,`state_abr`,`post_code`,`country`) values(N'7 Fitzroy Street',N'BLAKEVILLE',N'Victoria',N'VIC',N'3342',N'Australia');
insert into address (`street1`,`city`,`state`,`state_abr`,`post_code`,`country`) values(N'64 Old Gayndah Road',N'ALDERSHOT',N'Queensland',N'QLD',N'4650',N'Australia');
insert into address (`street1`,`city`,`state`,`state_abr`,`post_code`,`country`) values(N'25 Oriana Street',N'WYONGAH',N'New South Wales',N'NSW',N'2259',N'Australia');
insert into address (`street1`,`city`,`state`,`state_abr`,`post_code`,`country`) values(N'36 Bayview Close',N'MOUNT MORGAN',N'Queensland',N'QLD',N'4714',N'Australia');
insert into address (`street1`,`city`,`state`,`state_abr`,`post_code`,`country`) values(N'88 Baker Street',N'PORT ALBANY',N'Western Australia',N'WA',N'6330',N'Australia');
insert into address (`street1`,`city`,`state`,`state_abr`,`post_code`,`country`) values(N'89 Cubbine Road',N'WARRALAKIN',N'Western Australia',N'WA',N'6421',N'Australia');
insert into address (`street1`,`city`,`state`,`state_abr`,`post_code`,`country`) values(N'20 Henley Beach Road',N'CHANDLERS HILL',N'South Australia',N'SA',N'5159',N'Australia');
insert into address (`street1`,`city`,`state`,`state_abr`,`post_code`,`country`) values(N'64 Mills Street',N'WAVELL HEIGHTS NORTH',N'Queensland',N'QLD',N'4012',N'Australia');
insert into address (`street1`,`city`,`state`,`state_abr`,`post_code`,`country`) values(N'99 Wynyard Street',N'GILMORE',N'New South Wales',N'NSW',N'2720',N'Australia');
insert into address (`street1`,`city`,`state`,`state_abr`,`post_code`,`country`) values(N'4 Sale Street',N'PANUARA',N'New South Wales',N'NSW',N'2800',N'Australia');
insert into address (`street1`,`city`,`state`,`state_abr`,`post_code`,`country`) values(N'26 Blairgowrie Avenue',N'CARLAMINDA',N'New South Wales',N'NSW',N'2630',N'Australia');
insert into address (`street1`,`city`,`state`,`state_abr`,`post_code`,`country`) values(N'92 Main Street',N'NORTH WEST BEND',N'South Australia',N'SA',N'5320',N'Australia');
insert into address (`street1`,`city`,`state`,`state_abr`,`post_code`,`country`) values(N'1 Railway Street',N'MOUNT TYSON',N'Queensland',N'QLD',N'4356',N'Australia');
insert into address (`street1`,`city`,`state`,`state_abr`,`post_code`,`country`) values(N'1 Blairgowrie Avenue',N'BINJURA',N'New South Wales',N'NSW',N'2630',N'Australia');
insert into address (`street1`,`city`,`state`,`state_abr`,`post_code`,`country`) values(N'80 Murphy Street',N'BOSCABEL',N'Western Australia',N'WA',N'6394',N'Australia');
insert into address (`street1`,`city`,`state`,`state_abr`,`post_code`,`country`) values(N'39 Friar John Way',N'KARNUP',N'Western Australia',N'WA',N'6176',N'Australia');
insert into address (`street1`,`city`,`state`,`state_abr`,`post_code`,`country`) values(N'60 Punchs Creek Road',N'WONDALLI',N'Queensland',N'QLD',N'4390',N'Australia');
insert into address (`street1`,`city`,`state`,`state_abr`,`post_code`,`country`) values(N'50 Taltarni Road',N'GRE GRE SOUTH',N'Victoria',N'VIC',N'3478',N'Australia');
insert into address (`street1`,`city`,`state`,`state_abr`,`post_code`,`country`) values(N'6 Sunnyside Road',N'RENMARK NORTH',N'South Australia',N'SA',N'5341',N'Australia');
insert into address (`street1`,`city`,`state`,`state_abr`,`post_code`,`country`) values(N'11 Bungana Drive',N'WHITWARTA',N'South Australia',N'SA',N'5461',N'Australia');
insert into address (`street1`,`city`,`state`,`state_abr`,`post_code`,`country`) values(N'93 Buoro Street',N'PLEYSTOWE',N'Queensland',N'QLD',N'4741',N'Australia');
insert into address (`street1`,`city`,`state`,`state_abr`,`post_code`,`country`) values(N'9 Armstrong Street',N'TRESCO WEST',N'Victoria',N'VIC',N'3584',N'Australia');
insert into address (`street1`,`city`,`state`,`state_abr`,`post_code`,`country`) values(N'90 Ugoa Street',N'LANGLEY VALE',N'New South Wales',N'NSW',N'2426',N'Australia');
insert into address (`street1`,`city`,`state`,`state_abr`,`post_code`,`country`) values(N'55 Myrtle Street',N'STEWARTON',N'Victoria',N'VIC',N'3725',N'Australia');
insert into address (`street1`,`city`,`state`,`state_abr`,`post_code`,`country`) values(N'81 Healy Road',N'YABBERUP',N'Western Australia',N'WA',N'6239',N'Australia');
insert into address (`street1`,`city`,`state`,`state_abr`,`post_code`,`country`) values(N'71 Barker Street',N'FOREST HILL',N'Western Australia',N'WA',N'6324',N'Australia');
insert into address (`street1`,`city`,`state`,`state_abr`,`post_code`,`country`) values(N'26 Bailey Street',N'ST HELENS',N'Victoria',N'VIC',N'3285',N'Australia');
insert into address (`street1`,`city`,`state`,`state_abr`,`post_code`,`country`) values(N'31 Forrest Road',N'ROUND SWAMP',N'New South Wales',N'NSW',N'2846',N'Australia');
insert into address (`street1`,`city`,`state`,`state_abr`,`post_code`,`country`) values(N'30 High Street',N'MULLAQUANA',N'South Australia',N'SA',N'5600',N'Australia');
insert into address (`street1`,`city`,`state`,`state_abr`,`post_code`,`country`) values(N'13 Creedon Street',N'WESTMEADOWS',N'Victoria',N'VIC',N'3049',N'Australia');
insert into address (`street1`,`city`,`state`,`state_abr`,`post_code`,`country`) values(N'82 Ryker Rd',N'COOYA BEACH',N'Queensland',N'QLD',N'4873',N'Australia');
insert into address (`street1`,`city`,`state`,`state_abr`,`post_code`,`country`) values(N'98 Walters Street',N'BADDAGINNIE',N'Victoria',N'VIC',N'3670',N'Australia');
insert into address (`street1`,`city`,`state`,`state_abr`,`post_code`,`country`) values(N'69 Lowe Street',N'CANAGA',N'Queensland',N'QLD',N'4413',N'Australia');
insert into address (`street1`,`city`,`state`,`state_abr`,`post_code`,`country`) values(N'56 Village Drive',N'ASHCROFT',N'New South Wales',N'NSW',N'2168',N'Australia');
insert into address (`street1`,`city`,`state`,`state_abr`,`post_code`,`country`) values(N'18 Peninsula Drive',N'COMO',N'New South Wales',N'NSW',N'2226',N'Australia');
insert into address (`street1`,`city`,`state`,`state_abr`,`post_code`,`country`) values(N'68 South Molle Boulevard',N'DAMPER CREEK',N'Queensland',N'QLD',N'4849',N'Australia');
insert into address (`street1`,`city`,`state`,`state_abr`,`post_code`,`country`) values(N'22 Round Drive',N'CAMERON PARK',N'New South Wales',N'NSW',N'2285',N'Australia');
insert into address (`street1`,`city`,`state`,`state_abr`,`post_code`,`country`) values(N'70 Peninsula Drive',N'BURRANEER',N'New South Wales',N'NSW',N'2230',N'Australia');
insert into address (`street1`,`city`,`state`,`state_abr`,`post_code`,`country`) values(N'39 Carba Road',N'ALLENDALE EAST',N'South Australia',N'SA',N'5291',N'Australia');
insert into address (`street1`,`city`,`state`,`state_abr`,`post_code`,`country`) values(N'98 Taylor Street',N'PINE LODGE',N'Victoria',N'VIC',N'3631',N'Australia');
insert into address (`street1`,`city`,`state`,`state_abr`,`post_code`,`country`) values(N'72 Brown Street',N'LEWISHAM',N'New South Wales',N'NSW',N'2049',N'Australia');
insert into address (`street1`,`city`,`state`,`state_abr`,`post_code`,`country`) values(N'95 Jones Road',N'SHERWOOD',N'Queensland',N'QLD',N'4075',N'Australia');
insert into address (`street1`,`city`,`state`,`state_abr`,`post_code`,`country`) values(N'96 Baker Street',N'FRENCHMAN BAY',N'Western Australia',N'WA',N'6330',N'Australia');
insert into address (`street1`,`city`,`state`,`state_abr`,`post_code`,`country`) values(N'11 Frouds Road',N'BAXTER',N'Victoria',N'VIC',N'3911',N'Australia');
insert into address (`street1`,`city`,`state`,`state_abr`,`post_code`,`country`) values(N'31 Chapman Avenue',N'BURNT YARDS',N'New South Wales',N'NSW',N'2792',N'Australia');
insert into address (`street1`,`city`,`state`,`state_abr`,`post_code`,`country`) values(N'84 Roseda-Tinamba Road',N'WONYIP',N'Victoria',N'VIC',N'3962',N'Australia');
insert into address (`street1`,`city`,`state`,`state_abr`,`post_code`,`country`) values(N'15 Magnolia Drive',N'SANS SOUCI',N'New South Wales',N'NSW',N'2219',N'Australia');
insert into address (`street1`,`city`,`state`,`state_abr`,`post_code`,`country`) values(N'7 Junction St',N'PRETTY PINE',N'New South Wales',N'NSW',N'2710',N'Australia');
insert into address (`street1`,`city`,`state`,`state_abr`,`post_code`,`country`) values(N'60 Moores Drive',N'NORTHBRIDGE',N'Western Australia',N'WA',N'6003',N'Australia');
insert into address (`street1`,`city`,`state`,`state_abr`,`post_code`,`country`) values(N'89 Treasure Island Avenue',N'BOYLAND',N'Queensland',N'QLD',N'4275',N'Australia');
insert into address (`street1`,`city`,`state`,`state_abr`,`post_code`,`country`) values(N'58 Eshelby Drive',N'BLUEWATER',N'Queensland',N'QLD',N'4818',N'Australia');
insert into address (`street1`,`city`,`state`,`state_abr`,`post_code`,`country`) values(N'90 Friar John Way',N'DAWESVILLE',N'Western Australia',N'WA',N'6210',N'Australia');
insert into address (`street1`,`city`,`state`,`state_abr`,`post_code`,`country`) values(N'64 Boughtman Street',N'GLEN HUNTLY',N'Victoria',N'VIC',N'3163',N'Australia');
insert into address (`street1`,`city`,`state`,`state_abr`,`post_code`,`country`) values(N'1 Walder Crescent',N'JARDINE',N'Queensland',N'QLD',N'4702',N'Australia');
insert into address (`street1`,`city`,`state`,`state_abr`,`post_code`,`country`) values(N'35 Quintin Street',N'DELANEYS CREEK',N'Queensland',N'QLD',N'4514',N'Australia');
insert into address (`street1`,`city`,`state`,`state_abr`,`post_code`,`country`) values(N'1 Girvan Grove',N'SPRING GULLY',N'Victoria',N'VIC',N'3550',N'Australia');
insert into address (`street1`,`city`,`state`,`state_abr`,`post_code`,`country`) values(N'38 Inglewood Court',N'BLACKWOOD',N'Victoria',N'VIC',N'3458',N'Australia');
insert into address (`street1`,`city`,`state`,`state_abr`,`post_code`,`country`) values(N'98 Grandis Road',N'WITTITRIN',N'New South Wales',N'NSW',N'2440',N'Australia');
insert into address (`street1`,`city`,`state`,`state_abr`,`post_code`,`country`) values(N'84 Punchs Creek Road',N'KINGSTHORPE',N'Queensland',N'QLD',N'4400',N'Australia');
insert into address (`street1`,`city`,`state`,`state_abr`,`post_code`,`country`) values(N'90 Oak Street',N'TOWNSEND',N'New South Wales',N'NSW',N'2463',N'Australia');
insert into address (`street1`,`city`,`state`,`state_abr`,`post_code`,`country`) values(N'33 Taltarni Road',N'KOOREH',N'Victoria',N'VIC',N'3478',N'Australia');
insert into address (`street1`,`city`,`state`,`state_abr`,`post_code`,`country`) values(N'90 McKillop Street',N'TATYOON',N'Victoria',N'VIC',N'3378',N'Australia');
insert into address (`street1`,`city`,`state`,`state_abr`,`post_code`,`country`) values(N'95 Murphy Street',N'CHERRY TREE POOL',N'Western Australia',N'WA',N'6395',N'Australia');
insert into address (`street1`,`city`,`state`,`state_abr`,`post_code`,`country`) values(N'77 Patton Street',N'BURWOOD EAST',N'Victoria',N'VIC',N'3151',N'Australia');
insert into address (`street1`,`city`,`state`,`state_abr`,`post_code`,`country`) values(N'98 Little Myers Street',N'MORRISONS',N'Victoria',N'VIC',N'3334',N'Australia');
insert into address (`street1`,`city`,`state`,`state_abr`,`post_code`,`country`) values(N'63 Bailey Street',N'WILLATOOK',N'Victoria',N'VIC',N'3283',N'Australia');
insert into address (`street1`,`city`,`state`,`state_abr`,`post_code`,`country`) values(N'63 Ageston Road',N'RADFORD',N'Queensland',N'QLD',N'4307',N'Australia');
insert into address (`street1`,`city`,`state`,`state_abr`,`post_code`,`country`) values(N'83 Marloo Street',N'KENSINGTON',N'South Australia',N'SA',N'5068',N'Australia');
insert into address (`street1`,`city`,`state`,`state_abr`,`post_code`,`country`) values(N'30 Muscat Street',N'WATTONING',N'Western Australia',N'WA',N'6479',N'Australia');
insert into address (`street1`,`city`,`state`,`state_abr`,`post_code`,`country`) values(N'64 Quintin Street',N'KILCOY',N'Queensland',N'QLD',N'4515',N'Australia');
insert into address (`street1`,`city`,`state`,`state_abr`,`post_code`,`country`) values(N'60 Gloucester Avenue',N'RIDLEYTON',N'South Australia',N'SA',N'5008',N'Australia');
insert into address (`street1`,`city`,`state`,`state_abr`,`post_code`,`country`) values(N'21 Devon Street',N'MILE END SOUTH',N'South Australia',N'SA',N'5031',N'Australia');
insert into address (`street1`,`city`,`state`,`state_abr`,`post_code`,`country`) values(N'78 Ghost Hill Road',N'ST MARYS',N'New South Wales',N'NSW',N'2760',N'Australia');
insert into address (`street1`,`city`,`state`,`state_abr`,`post_code`,`country`) values(N'78 Normans Road',N'KONONGWOOTONG',N'Victoria',N'VIC',N'3315',N'Australia');
insert into address (`street1`,`city`,`state`,`state_abr`,`post_code`,`country`) values(N'37 Acheron Road',N'WILLUNG',N'Victoria',N'VIC',N'3847',N'Australia');
insert into address (`street1`,`city`,`state`,`state_abr`,`post_code`,`country`) values(N'30 Davenport Street',N'COOLUMBOOKA',N'New South Wales',N'NSW',N'2632',N'Australia');
insert into address (`street1`,`city`,`state`,`state_abr`,`post_code`,`country`) values(N'41 Junction St',N'MOONBRIA',N'New South Wales',N'NSW',N'2710',N'Australia');
insert into address (`street1`,`city`,`state`,`state_abr`,`post_code`,`country`) values(N'83 Wallum Court',N'EVIRON',N'New South Wales',N'NSW',N'2484',N'Australia');
insert into address (`street1`,`city`,`state`,`state_abr`,`post_code`,`country`) values(N'64 Ridge Road',N'MIARA',N'Queensland',N'QLD',N'4673',N'Australia');
insert into address (`street1`,`city`,`state`,`state_abr`,`post_code`,`country`) values(N'98 Aquatic Road',N'TALLWOODS VILLAGE',N'New South Wales',N'NSW',N'2430',N'Australia');
insert into address (`street1`,`city`,`state`,`state_abr`,`post_code`,`country`) values(N'41 Scenic Road',N'COOTRALANTRA',N'New South Wales',N'NSW',N'2628',N'Australia');
insert into address (`street1`,`city`,`state`,`state_abr`,`post_code`,`country`) values(N'96 Larissa Court',N'COLIGNAN',N'Victoria',N'VIC',N'3494',N'Australia');
insert into address (`street1`,`city`,`state`,`state_abr`,`post_code`,`country`) values(N'50 Balonne Street',N'EUNGAI RAIL',N'New South Wales',N'NSW',N'2441',N'Australia');
insert into address (`street1`,`city`,`state`,`state_abr`,`post_code`,`country`) values(N'1 Rose Street',N'HARKAWAY',N'Victoria',N'VIC',N'3806',N'Australia');
insert into address (`street1`,`city`,`state`,`state_abr`,`post_code`,`country`) values(N'38 Muscat Street',N'BONNIE ROCK',N'Western Australia',N'WA',N'6479',N'Australia');
insert into address (`street1`,`city`,`state`,`state_abr`,`post_code`,`country`) values(N'19 Glen William Road',N'CRYSTALBROOK',N'Queensland',N'QLD',N'4871',N'Australia');
insert into address (`street1`,`city`,`state`,`state_abr`,`post_code`,`country`) values(N'39 Village Drive',N'CARTWRIGHT',N'New South Wales',N'NSW',N'2168',N'Australia');
insert into address (`street1`,`city`,`state`,`state_abr`,`post_code`,`country`) values(N'15 Bapaume Road',N'RAMSAY',N'Queensland',N'QLD',N'4352',N'Australia');
insert into address (`street1`,`city`,`state`,`state_abr`,`post_code`,`country`) values(N'35 Romawi Road',N'FAIRY DELL',N'Victoria',N'VIC',N'3875',N'Australia');
insert into address (`street1`,`city`,`state`,`state_abr`,`post_code`,`country`) values(N'96 Boonah Qld',N'WOOLOOMAN',N'Queensland',N'QLD',N'4310',N'Australia');
insert into address (`street1`,`city`,`state`,`state_abr`,`post_code`,`country`) values(N'26 Carba Road',N'COMPTON',N'South Australia',N'SA',N'5291',N'Australia');
insert into address (`street1`,`city`,`state`,`state_abr`,`post_code`,`country`) values(N'7 Plantation Place',N'EVANS PLAINS',N'New South Wales',N'NSW',N'2795',N'Australia');
insert into address (`street1`,`city`,`state`,`state_abr`,`post_code`,`country`) values(N'77 Baker Street',N'NULLAKI',N'Western Australia',N'WA',N'6330',N'Australia');
insert into address (`street1`,`city`,`state`,`state_abr`,`post_code`,`country`) values(N'66 Walder Crescent',N'BINGEGANG',N'Queensland',N'QLD',N'4702',N'Australia');
insert into address (`street1`,`city`,`state`,`state_abr`,`post_code`,`country`) values(N'43 Ageston Road',N'BOONAH',N'Queensland',N'QLD',N'4310',N'Australia');
insert into address (`street1`,`city`,`state`,`state_abr`,`post_code`,`country`) values(N'9 Dossiter Street',N'RAMINEA',N'Tasmania',N'TAS',N'7109',N'Australia');
insert into address (`street1`,`city`,`state`,`state_abr`,`post_code`,`country`) values(N'4 Benny Street',N'WILMOT',N'Tasmania',N'TAS',N'7310',N'Australia');
insert into address (`street1`,`city`,`state`,`state_abr`,`post_code`,`country`) values(N'18 Reynolds Road',N'CURRA',N'Queensland',N'QLD',N'4570',N'Australia');
insert into address (`street1`,`city`,`state`,`state_abr`,`post_code`,`country`) values(N'41 Zipfs Road',N'COALFALLS',N'Queensland',N'QLD',N'4305',N'Australia');
insert into address (`street1`,`city`,`state`,`state_abr`,`post_code`,`country`) values(N'49 Forrest Road',N'NEW MOLLYAN',N'New South Wales',N'NSW',N'2842',N'Australia');
insert into address (`street1`,`city`,`state`,`state_abr`,`post_code`,`country`) values(N'47 Austin Road',N'KATHERINE',N'Northern Territory',N'NT',N'0850',N'Australia');
insert into address (`street1`,`city`,`state`,`state_abr`,`post_code`,`country`) values(N'81 Creegans Road',N'COUGAL',N'New South Wales',N'NSW',N'2474',N'Australia');
insert into address (`street1`,`city`,`state`,`state_abr`,`post_code`,`country`) values(N'8 Flinstone Drive',N'BRIGHTON',N'Tasmania',N'TAS',N'7030',N'Australia');
insert into address (`street1`,`city`,`state`,`state_abr`,`post_code`,`country`) values(N'32 Wallum Court',N'MEBBIN',N'New South Wales',N'NSW',N'2484',N'Australia');
insert into address (`street1`,`city`,`state`,`state_abr`,`post_code`,`country`) values(N'34 Walder Crescent',N'FERNLEES',N'Queensland',N'QLD',N'4702',N'Australia');
insert into address (`street1`,`city`,`state`,`state_abr`,`post_code`,`country`) values(N'63 Armstrong Street',N'KUNAT',N'Victoria',N'VIC',N'3585',N'Australia');
insert into address (`street1`,`city`,`state`,`state_abr`,`post_code`,`country`) values(N'13 Pelican Road',N'ROSETTA',N'Tasmania',N'TAS',N'7010',N'Australia');
insert into address (`street1`,`city`,`state`,`state_abr`,`post_code`,`country`) values(N'50 South Street',N'NEIKA',N'Tasmania',N'TAS',N'7054',N'Australia');
insert into address (`street1`,`city`,`state`,`state_abr`,`post_code`,`country`) values(N'52 Foreshore Road',N'NOLLAMARA',N'Western Australia',N'WA',N'6061',N'Australia');
insert into address (`street1`,`city`,`state`,`state_abr`,`post_code`,`country`) values(N'41 Marlin Avenue',N'GUNNING',N'New South Wales',N'NSW',N'2581',N'Australia');
insert into address (`street1`,`city`,`state`,`state_abr`,`post_code`,`country`) values(N'67 Delan Road',N'BUNGADOO',N'Queensland',N'QLD',N'4671',N'Australia');
insert into address (`street1`,`city`,`state`,`state_abr`,`post_code`,`country`) values(N'32 Duff Street',N'BURRAN ROCK',N'Western Australia',N'WA',N'6490',N'Australia');
insert into address (`street1`,`city`,`state`,`state_abr`,`post_code`,`country`) values(N'79 Chapman Avenue',N'YERRANDERIE',N'New South Wales',N'NSW',N'2787',N'Australia');
insert into address (`street1`,`city`,`state`,`state_abr`,`post_code`,`country`) values(N'13 Hummocky Road',N'WISANGER',N'South Australia',N'SA',N'5223',N'Australia');
insert into address (`street1`,`city`,`state`,`state_abr`,`post_code`,`country`) values(N'14 Maritime Avenue',N'EAST AUGUSTA',N'Western Australia',N'WA',N'6290',N'Australia');
insert into address (`street1`,`city`,`state`,`state_abr`,`post_code`,`country`) values(N'87 Savages Road',N'KARAWATHA',N'Queensland',N'QLD',N'4117',N'Australia');
insert into address (`street1`,`city`,`state`,`state_abr`,`post_code`,`country`) values(N'67 Garden Place',N'WOOROONOOK',N'Victoria',N'VIC',N'3525',N'Australia');
insert into address (`street1`,`city`,`state`,`state_abr`,`post_code`,`country`) values(N'45 Ashton Road',N'MOUNT COOKE',N'Western Australia',N'WA',N'6390',N'Australia');
insert into address (`street1`,`city`,`state`,`state_abr`,`post_code`,`country`) values(N'95 Marlin Avenue',N'BROADWAY',N'New South Wales',N'NSW',N'2581',N'Australia');
insert into address (`street1`,`city`,`state`,`state_abr`,`post_code`,`country`) values(N'68 High Street',N'HARDWICKE BAY',N'South Australia',N'SA',N'5575',N'Australia');
insert into address (`street1`,`city`,`state`,`state_abr`,`post_code`,`country`) values(N'61 Frouds Road',N'LAKE BUNGA',N'Victoria',N'VIC',N'3909',N'Australia');
insert into address (`street1`,`city`,`state`,`state_abr`,`post_code`,`country`) values(N'73 Gaggin Street',N'NELSONS PLAINS',N'New South Wales',N'NSW',N'2324',N'Australia');
insert into address (`street1`,`city`,`state`,`state_abr`,`post_code`,`country`) values(N'6 Baker Street',N'CUTHBERT',N'Western Australia',N'WA',N'6330',N'Australia');
insert into address (`street1`,`city`,`state`,`state_abr`,`post_code`,`country`) values(N'9 Old Gayndah Road',N'TINNANBAR',N'Queensland',N'QLD',N'4650',N'Australia');
insert into address (`street1`,`city`,`state`,`state_abr`,`post_code`,`country`) values(N'90 Watson Street',N'DALTONS BRIDGE',N'Victoria',N'VIC',N'3568',N'Australia');
insert into address (`street1`,`city`,`state`,`state_abr`,`post_code`,`country`) values(N'71 Chatsworth Drive',N'KENWICK',N'Western Australia',N'WA',N'6107',N'Australia');
insert into address (`street1`,`city`,`state`,`state_abr`,`post_code`,`country`) values(N'7 Jones Road',N'DUTTON PARK',N'Queensland',N'QLD',N'4102',N'Australia');
insert into address (`street1`,`city`,`state`,`state_abr`,`post_code`,`country`) values(N'25 Bette McNee Street',N'WESTWOOD',N'New South Wales',N'NSW',N'2729',N'Australia');
insert into address (`street1`,`city`,`state`,`state_abr`,`post_code`,`country`) values(N'80 Walter Crescent',N'SHOALHAVEN HEADS',N'New South Wales',N'NSW',N'2535',N'Australia');
insert into address (`street1`,`city`,`state`,`state_abr`,`post_code`,`country`) values(N'23 Darwinia Loop',N'CAMBALLIN',N'Western Australia',N'WA',N'6728',N'Australia');
insert into address (`street1`,`city`,`state`,`state_abr`,`post_code`,`country`) values(N'34 Moores Drive',N'CITY DELIVERY CENTRE',N'Western Australia',N'WA',N'6000',N'Australia');
insert into address (`street1`,`city`,`state`,`state_abr`,`post_code`,`country`) values(N'97 Weigall Avenue',N'NORTH BOOBOROWIE',N'South Australia',N'SA',N'5417',N'Australia');
insert into address (`street1`,`city`,`state`,`state_abr`,`post_code`,`country`) values(N'19 McDowall Street',N'COTTON TREE',N'Queensland',N'QLD',N'4558',N'Australia');
insert into address (`street1`,`city`,`state`,`state_abr`,`post_code`,`country`) values(N'71 South Street',N'SNUG',N'Tasmania',N'TAS',N'7054',N'Australia');
insert into address (`street1`,`city`,`state`,`state_abr`,`post_code`,`country`) values(N'90 Ridge Road',N'EULEILAH',N'Queensland',N'QLD',N'4674',N'Australia');
insert into address (`street1`,`city`,`state`,`state_abr`,`post_code`,`country`) values(N'3 Kooljak Rd',N'METRICUP',N'Western Australia',N'WA',N'6280',N'Australia');
insert into address (`street1`,`city`,`state`,`state_abr`,`post_code`,`country`) values(N'26 Moores Drive',N'INNAMINCKA',N'South Australia',N'SA',N'5731',N'Australia');
insert into address (`street1`,`city`,`state`,`state_abr`,`post_code`,`country`) values(N'36 Treasure Island Avenue',N'BURLEIGH DC',N'Queensland',N'QLD',N'4220',N'Australia');
insert into address (`street1`,`city`,`state`,`state_abr`,`post_code`,`country`) values(N'23 Southwell Crescent',N'CAREY PARK',N'Western Australia',N'WA',N'6230',N'Australia');
insert into address (`street1`,`city`,`state`,`state_abr`,`post_code`,`country`) values(N'15 Elgin Street',N'MOUNT DEE',N'New South Wales',N'NSW',N'2320',N'Australia');
insert into address (`street1`,`city`,`state`,`state_abr`,`post_code`,`country`) values(N'25 Timms Drive',N'NETHERCOTE',N'New South Wales',N'NSW',N'2549',N'Australia');
insert into address (`street1`,`city`,`state`,`state_abr`,`post_code`,`country`) values(N'80 Sale Street',N'LOWER LEWIS PONDS',N'New South Wales',N'NSW',N'2800',N'Australia');
insert into address (`street1`,`city`,`state`,`state_abr`,`post_code`,`country`) values(N'49 Mildura Street',N'SOUTH LAUNCESTON',N'Tasmania',N'TAS',N'7249',N'Australia');
insert into address (`street1`,`city`,`state`,`state_abr`,`post_code`,`country`) values(N'59 Cunningham Street',N'DARGAL ROAD',N'Queensland',N'QLD',N'4455',N'Australia');
insert into address (`street1`,`city`,`state`,`state_abr`,`post_code`,`country`) values(N'75 Woolnough Road',N'BROWN HILL CREEK',N'South Australia',N'SA',N'5062',N'Australia');
insert into address (`street1`,`city`,`state`,`state_abr`,`post_code`,`country`) values(N'61 Walpole Avenue',N'MINJAH',N'Victoria',N'VIC',N'3276',N'Australia');
insert into address (`street1`,`city`,`state`,`state_abr`,`post_code`,`country`) values(N'26 Buoro Street',N'LINDEMAN ISLAND',N'Queensland',N'QLD',N'4741',N'Australia');
insert into address (`street1`,`city`,`state`,`state_abr`,`post_code`,`country`) values(N'70 Holthouse Road',N'FORRESTON',N'South Australia',N'SA',N'5233',N'Australia');
insert into address (`street1`,`city`,`state`,`state_abr`,`post_code`,`country`) values(N'12 Junction St',N'JIMARINGLE',N'New South Wales',N'NSW',N'2710',N'Australia');
insert into address (`street1`,`city`,`state`,`state_abr`,`post_code`,`country`) values(N'16 Benny Street',N'KINDRED',N'Tasmania',N'TAS',N'7310',N'Australia');
insert into address (`street1`,`city`,`state`,`state_abr`,`post_code`,`country`) values(N'57 Shirley Street',N'GILSTON',N'Queensland',N'QLD',N'4211',N'Australia');
insert into address (`street1`,`city`,`state`,`state_abr`,`post_code`,`country`) values(N'37 Thomas Lane',N'ABBOTSFORD',N'Victoria',N'VIC',N'3067',N'Australia');
insert into address (`street1`,`city`,`state`,`state_abr`,`post_code`,`country`) values(N'98 Denison Road',N'ROSEBUD WEST',N'Victoria',N'VIC',N'3940',N'Australia');
insert into address (`street1`,`city`,`state`,`state_abr`,`post_code`,`country`) values(N'91 Davis Street',N'NEWMARKET',N'Queensland',N'QLD',N'4051',N'Australia');
insert into address (`street1`,`city`,`state`,`state_abr`,`post_code`,`country`) values(N'9 Crofts Road',N'CORRINGLE',N'Victoria',N'VIC',N'3888',N'Australia');
insert into address (`street1`,`city`,`state`,`state_abr`,`post_code`,`country`) values(N'68 Austin Road',N'ELSEY STATION',N'Northern Territory',N'NT',N'0852',N'Australia');
insert into address (`street1`,`city`,`state`,`state_abr`,`post_code`,`country`) values(N'83 Bass Street',N'KOONORIGAN',N'New South Wales',N'NSW',N'2480',N'Australia');
insert into address (`street1`,`city`,`state`,`state_abr`,`post_code`,`country`) values(N'48 Reynolds Road',N'DAGUN',N'Queensland',N'QLD',N'4570',N'Australia');
insert into address (`street1`,`city`,`state`,`state_abr`,`post_code`,`country`) values(N'98 Bette McNee Street',N'STONY CROSSING',N'New South Wales',N'NSW',N'2734',N'Australia');
insert into address (`street1`,`city`,`state`,`state_abr`,`post_code`,`country`) values(N'96 West Street',N'FARRER',N'Australian Capital Territory',N'ACT',N'2607',N'Australia');
insert into address (`street1`,`city`,`state`,`state_abr`,`post_code`,`country`) values(N'45 Buoro Street',N'BRIGHTLY',N'Queensland',N'QLD',N'4741',N'Australia');
insert into address (`street1`,`city`,`state`,`state_abr`,`post_code`,`country`) values(N'13 Black Point Drive',N'WHYALLA PLAYFORD',N'South Australia',N'SA',N'5600',N'Australia');
insert into address (`street1`,`city`,`state`,`state_abr`,`post_code`,`country`) values(N'3 Maritime Avenue',N'COLD HARBOUR',N'Western Australia',N'WA',N'6302',N'Australia');
insert into address (`street1`,`city`,`state`,`state_abr`,`post_code`,`country`) values(N'15 Wallum Court',N'ROWLANDS CREEK',N'New South Wales',N'NSW',N'2484',N'Australia');
insert into address (`street1`,`city`,`state`,`state_abr`,`post_code`,`country`) values(N'52 Hereford Avenue',N'WOODCHESTER',N'South Australia',N'SA',N'5255',N'Australia');
insert into address (`street1`,`city`,`state`,`state_abr`,`post_code`,`country`) values(N'39 Larissa Court',N'HATTAH',N'Victoria',N'VIC',N'3501',N'Australia');
insert into address (`street1`,`city`,`state`,`state_abr`,`post_code`,`country`) values(N'43 McPherson Road',N'INDIGO VALLEY',N'Victoria',N'VIC',N'3688',N'Australia');
insert into address (`street1`,`city`,`state`,`state_abr`,`post_code`,`country`) values(N'39 Hummocky Road',N'STUN''SAIL BOOM',N'South Australia',N'SA',N'5223',N'Australia');
insert into address (`street1`,`city`,`state`,`state_abr`,`post_code`,`country`) values(N'79 Sydney Road',N'PIAMBONG',N'New South Wales',N'NSW',N'2850',N'Australia');
insert into address (`street1`,`city`,`state`,`state_abr`,`post_code`,`country`) values(N'12 Hillsdale Road',N'MALMOE',N'Queensland',N'QLD',N'4627',N'Australia');
insert into address (`street1`,`city`,`state`,`state_abr`,`post_code`,`country`) values(N'91 Clifton Street',N'MURRAYDALE',N'Victoria',N'VIC',N'3586',N'Australia');
insert into address (`street1`,`city`,`state`,`state_abr`,`post_code`,`country`) values(N'9 Watson Street',N'ROSLYNMEAD',N'Victoria',N'VIC',N'3564',N'Australia');
insert into address (`street1`,`city`,`state`,`state_abr`,`post_code`,`country`) values(N'23 Parkes Road',N'ARDEER',N'Victoria',N'VIC',N'3022',N'Australia');
insert into address (`street1`,`city`,`state`,`state_abr`,`post_code`,`country`) values(N'74 Brentwood Drive',N'MORESBY',N'Queensland',N'QLD',N'4871',N'Australia');
insert into address (`street1`,`city`,`state`,`state_abr`,`post_code`,`country`) values(N'43 Scenic Road',N'KOSCIUSZKO',N'New South Wales',N'NSW',N'2624',N'Australia');
insert into address (`street1`,`city`,`state`,`state_abr`,`post_code`,`country`) values(N'79 Capper Street',N'YENDA',N'Queensland',N'QLD',N'4625',N'Australia');
insert into address (`street1`,`city`,`state`,`state_abr`,`post_code`,`country`) values(N'83 Black Point Drive',N'WHYALLA STUART',N'South Australia',N'SA',N'5608',N'Australia');
insert into address (`street1`,`city`,`state`,`state_abr`,`post_code`,`country`) values(N'85 Berambing Crescent',N'FERNANCES',N'New South Wales',N'NSW',N'2775',N'Australia');
insert into address (`street1`,`city`,`state`,`state_abr`,`post_code`,`country`) values(N'30 Hereford Avenue',N'RAUKKAN',N'South Australia',N'SA',N'5259',N'Australia');
insert into address (`street1`,`city`,`state`,`state_abr`,`post_code`,`country`) values(N'87 Edward Bennett Drive',N'BLAXCELL',N'New South Wales',N'NSW',N'2142',N'Australia');
insert into address (`street1`,`city`,`state`,`state_abr`,`post_code`,`country`) values(N'60 Fitzroy Street',N'BLACK HILL',N'Victoria',N'VIC',N'3350',N'Australia');
insert into address (`street1`,`city`,`state`,`state_abr`,`post_code`,`country`) values(N'73 Roseda-Tinamba Road',N'WONGA',N'Victoria',N'VIC',N'3960',N'Australia');
insert into address (`street1`,`city`,`state`,`state_abr`,`post_code`,`country`) values(N'58 Treasure Island Avenue',N'EAGLE HEIGHTS',N'Queensland',N'QLD',N'4271',N'Australia');
insert into address (`street1`,`city`,`state`,`state_abr`,`post_code`,`country`) values(N'66 Marx Hill Road',N'KOOROOWI',N'New South Wales',N'NSW',N'2454',N'Australia');
insert into address (`street1`,`city`,`state`,`state_abr`,`post_code`,`country`) values(N'20 Weemala Avenue',N'APSLEY',N'New South Wales',N'NSW',N'2820',N'Australia');
insert into address (`street1`,`city`,`state`,`state_abr`,`post_code`,`country`) values(N'81 Kintyre Street',N'LOGANHOLME',N'Queensland',N'QLD',N'4129',N'Australia');
insert into address (`street1`,`city`,`state`,`state_abr`,`post_code`,`country`) values(N'75 Masthead Drive',N'PORT ALMA',N'Queensland',N'QLD',N'4699',N'Australia');
insert into address (`street1`,`city`,`state`,`state_abr`,`post_code`,`country`) values(N'10 Wagga Road',N'WAGGA WAGGA NORTH',N'New South Wales',N'NSW',N'2650',N'Australia');
insert into address (`street1`,`city`,`state`,`state_abr`,`post_code`,`country`) values(N'28 Auricht Road',N'KINGSTON S.E.',N'South Australia',N'SA',N'5275',N'Australia');
insert into address (`street1`,`city`,`state`,`state_abr`,`post_code`,`country`) values(N'58 Millicent Drive',N'SALISBURY',N'New South Wales',N'NSW',N'2420',N'Australia');
insert into address (`street1`,`city`,`state`,`state_abr`,`post_code`,`country`) values(N'41 Horsington Street',N'MITCHAM',N'Victoria',N'VIC',N'3132',N'Australia');
insert into address (`street1`,`city`,`state`,`state_abr`,`post_code`,`country`) values(N'28 Oak Street',N'ANGOURIE',N'New South Wales',N'NSW',N'2464',N'Australia');
insert into address (`street1`,`city`,`state`,`state_abr`,`post_code`,`country`) values(N'50 Ranworth Road',N'WILLETTON',N'Western Australia',N'WA',N'6155',N'Australia');
insert into address (`street1`,`city`,`state`,`state_abr`,`post_code`,`country`) values(N'46 Ageston Road',N'MOUNT FRENCH',N'Queensland',N'QLD',N'4310',N'Australia');
insert into address (`street1`,`city`,`state`,`state_abr`,`post_code`,`country`) values(N'17 Henry Moss Court',N'WINDSOR',N'South Australia',N'SA',N'5501',N'Australia');
insert into address (`street1`,`city`,`state`,`state_abr`,`post_code`,`country`) values(N'27 Inglewood Court',N'REDESDALE',N'Victoria',N'VIC',N'3444',N'Australia');
insert into address (`street1`,`city`,`state`,`state_abr`,`post_code`,`country`) values(N'91 Boonah Qld',N'MINDEN',N'Queensland',N'QLD',N'4311',N'Australia');
insert into address (`street1`,`city`,`state`,`state_abr`,`post_code`,`country`) values(N'7 Armstrong Street',N'MOLOGA',N'Victoria',N'VIC',N'3575',N'Australia');
insert into address (`street1`,`city`,`state`,`state_abr`,`post_code`,`country`) values(N'38 Flinstone Drive',N'ELDERSLIE',N'Tasmania',N'TAS',N'7030',N'Australia');
insert into address (`street1`,`city`,`state`,`state_abr`,`post_code`,`country`) values(N'33 Kaesler Road',N'CARCUMA',N'South Australia',N'SA',N'5301',N'Australia');
insert into address (`street1`,`city`,`state`,`state_abr`,`post_code`,`country`) values(N'23 Lane Street',N'KEW',N'Victoria',N'VIC',N'3101',N'Australia');
insert into address (`street1`,`city`,`state`,`state_abr`,`post_code`,`country`) values(N'26 Hay Point Road',N'SOUTH MACKAY',N'Queensland',N'QLD',N'4740',N'Australia');
insert into address (`street1`,`city`,`state`,`state_abr`,`post_code`,`country`) values(N'34 Fitzroy Street',N'BALLAN',N'Victoria',N'VIC',N'3342',N'Australia');
insert into address (`street1`,`city`,`state`,`state_abr`,`post_code`,`country`) values(N'30 Dabinett Road',N'BONYTHON',N'South Australia',N'SA',N'5238',N'Australia');
insert into address (`street1`,`city`,`state`,`state_abr`,`post_code`,`country`) values(N'60 Mendooran Road',N'DELROY GARDENS',N'New South Wales',N'NSW',N'2830',N'Australia');
insert into address (`street1`,`city`,`state`,`state_abr`,`post_code`,`country`) values(N'92 Daly Terrace',N'EGLINTON',N'Western Australia',N'WA',N'6034',N'Australia');
insert into address (`street1`,`city`,`state`,`state_abr`,`post_code`,`country`) values(N'31 Eshelby Drive',N'BEACH HOLM',N'Queensland',N'QLD',N'4818',N'Australia');
insert into address (`street1`,`city`,`state`,`state_abr`,`post_code`,`country`) values(N'50 Black Range Road',N'SOUTH WOLUMLA',N'New South Wales',N'NSW',N'2550',N'Australia');
insert into address (`street1`,`city`,`state`,`state_abr`,`post_code`,`country`) values(N'65 Hodgson St',N'WARWICK DC',N'Queensland',N'QLD',N'4370',N'Australia');
insert into address (`street1`,`city`,`state`,`state_abr`,`post_code`,`country`) values(N'73 Bellion Drive',N'TREETON',N'Western Australia',N'WA',N'6284',N'Australia');
insert into address (`street1`,`city`,`state`,`state_abr`,`post_code`,`country`) values(N'10 McDowall Street',N'WEST WOOMBYE',N'Queensland',N'QLD',N'4559',N'Australia');
insert into address (`street1`,`city`,`state`,`state_abr`,`post_code`,`country`) values(N'33 Ronald Crescent',N'BENARABY',N'Queensland',N'QLD',N'4680',N'Australia');
insert into address (`street1`,`city`,`state`,`state_abr`,`post_code`,`country`) values(N'95 Savages Road',N'WILLAWONG',N'Queensland',N'QLD',N'4110',N'Australia');
insert into address (`street1`,`city`,`state`,`state_abr`,`post_code`,`country`) values(N'28 Woodwark Crescent',N'MUNDERRA',N'Queensland',N'QLD',N'4872',N'Australia');
insert into address (`street1`,`city`,`state`,`state_abr`,`post_code`,`country`) values(N'84 Mandible Street',N'MORNINGTON',N'Queensland',N'QLD',N'4825',N'Australia');
insert into address (`street1`,`city`,`state`,`state_abr`,`post_code`,`country`) values(N'66 Porana Place',N'TARDUN',N'Western Australia',N'WA',N'6628',N'Australia');
insert into address (`street1`,`city`,`state`,`state_abr`,`post_code`,`country`) values(N'68 Rockhampton Qld',N'PARKHURST',N'Queensland',N'QLD',N'4702',N'Australia');
insert into address (`street1`,`city`,`state`,`state_abr`,`post_code`,`country`) values(N'16 Ronald Crescent',N'TELINA',N'Queensland',N'QLD',N'4680',N'Australia');
insert into address (`street1`,`city`,`state`,`state_abr`,`post_code`,`country`) values(N'7 Davenport Street',N'KYBEYAN',N'New South Wales',N'NSW',N'2631',N'Australia');
insert into address (`street1`,`city`,`state`,`state_abr`,`post_code`,`country`) values(N'57 Tennyson Road',N'ROSELANDS',N'New South Wales',N'NSW',N'2196',N'Australia');
insert into address (`street1`,`city`,`state`,`state_abr`,`post_code`,`country`) values(N'21 Argyle Street',N'RAWDON VALE',N'New South Wales',N'NSW',N'2422',N'Australia');
insert into address (`street1`,`city`,`state`,`state_abr`,`post_code`,`country`) values(N'85 Hummocky Road',N'GOSSE',N'South Australia',N'SA',N'5223',N'Australia');
insert into address (`street1`,`city`,`state`,`state_abr`,`post_code`,`country`) values(N'10 Cassinia Street',N'COOLAC',N'New South Wales',N'NSW',N'2727',N'Australia');
insert into address (`street1`,`city`,`state`,`state_abr`,`post_code`,`country`) values(N'58 Shell Road',N'BENWERRIN',N'Victoria',N'VIC',N'3235',N'Australia');
insert into address (`street1`,`city`,`state`,`state_abr`,`post_code`,`country`) values(N'10 Foreshore Road',N'MARANGAROO',N'Western Australia',N'WA',N'6064',N'Australia');
insert into address (`street1`,`city`,`state`,`state_abr`,`post_code`,`country`) values(N'26 Pelican Road',N'GLEBE',N'Tasmania',N'TAS',N'7000',N'Australia');
insert into address (`street1`,`city`,`state`,`state_abr`,`post_code`,`country`) values(N'69 Devon Street',N'FINDON',N'South Australia',N'SA',N'5023',N'Australia');
insert into address (`street1`,`city`,`state`,`state_abr`,`post_code`,`country`) values(N'19 Feather Street',N'SAMSONVALE',N'Queensland',N'QLD',N'4520',N'Australia');
insert into address (`street1`,`city`,`state`,`state_abr`,`post_code`,`country`) values(N'90 Mills Street',N'WEST CREEK',N'Victoria',N'VIC',N'3992',N'Australia');
insert into address (`street1`,`city`,`state`,`state_abr`,`post_code`,`country`) values(N'77 Porana Place',N'SOUTH MURCHISON',N'Western Australia',N'WA',N'6635',N'Australia');
insert into address (`street1`,`city`,`state`,`state_abr`,`post_code`,`country`) values(N'42 Bayley Street',N'PHEASANT CREEK',N'Victoria',N'VIC',N'3757',N'Australia');
insert into address (`street1`,`city`,`state`,`state_abr`,`post_code`,`country`) values(N'46 Lewin Street',N'COOBA',N'New South Wales',N'NSW',N'2663',N'Australia');
insert into address (`street1`,`city`,`state`,`state_abr`,`post_code`,`country`) values(N'65 Tanner Street',N'AYERS ROCK',N'Northern Territory',N'NT',N'0872',N'Australia');
insert into address (`street1`,`city`,`state`,`state_abr`,`post_code`,`country`) values(N'87 Farnell Street',N'COPPER HILL',N'New South Wales',N'NSW',N'2866',N'Australia');
insert into address (`street1`,`city`,`state`,`state_abr`,`post_code`,`country`) values(N'8 Moruya Road',N'KAIN',N'New South Wales',N'NSW',N'2622',N'Australia');
insert into address (`street1`,`city`,`state`,`state_abr`,`post_code`,`country`) values(N'31 Rupara Street',N'SEFTON PARK',N'South Australia',N'SA',N'5083',N'Australia');
insert into address (`street1`,`city`,`state`,`state_abr`,`post_code`,`country`) values(N'32 Boughtman Street',N'LYSTERFIELD SOUTH',N'Victoria',N'VIC',N'3156',N'Australia');
insert into address (`street1`,`city`,`state`,`state_abr`,`post_code`,`country`) values(N'50 Endeavour Drive',N'HAWSON',N'South Australia',N'SA',N'5607',N'Australia');
insert into address (`street1`,`city`,`state`,`state_abr`,`post_code`,`country`) values(N'76 Queen Street',N'FAIRLIGHT',N'New South Wales',N'NSW',N'2094',N'Australia');
insert into address (`street1`,`city`,`state`,`state_abr`,`post_code`,`country`) values(N'22 Aquatic Road',N'MANNING POINT',N'New South Wales',N'NSW',N'2430',N'Australia');
insert into address (`street1`,`city`,`state`,`state_abr`,`post_code`,`country`) values(N'72 Blairgowrie Avenue',N'DAIRYMANS PLAINS',N'New South Wales',N'NSW',N'2630',N'Australia');
insert into address (`street1`,`city`,`state`,`state_abr`,`post_code`,`country`) values(N'95 Settlement Road',N'LICOLA NORTH',N'Victoria',N'VIC',N'3858',N'Australia');
insert into address (`street1`,`city`,`state`,`state_abr`,`post_code`,`country`) values(N'56 Arthur Street',N'BUNDEMAR',N'New South Wales',N'NSW',N'2823',N'Australia');
insert into address (`street1`,`city`,`state`,`state_abr`,`post_code`,`country`) values(N'12 Holthouse Road',N'KERSBROOK',N'South Australia',N'SA',N'5231',N'Australia');
insert into address (`street1`,`city`,`state`,`state_abr`,`post_code`,`country`) values(N'30 Maintongoon Road',N'ERICA',N'Victoria',N'VIC',N'3825',N'Australia');
insert into address (`street1`,`city`,`state`,`state_abr`,`post_code`,`country`) values(N'69 Souttar Terrace',N'HEATHRIDGE',N'Western Australia',N'WA',N'6027',N'Australia');
insert into address (`street1`,`city`,`state`,`state_abr`,`post_code`,`country`) values(N'58 Fergusson Street',N'YORKLEA',N'New South Wales',N'NSW',N'2470',N'Australia');
insert into address (`street1`,`city`,`state`,`state_abr`,`post_code`,`country`) values(N'34 Walpole Avenue',N'WINSLOW',N'Victoria',N'VIC',N'3281',N'Australia');
insert into address (`street1`,`city`,`state`,`state_abr`,`post_code`,`country`) values(N'47 Flinstone Drive',N'WADDAMANA',N'Tasmania',N'TAS',N'7030',N'Australia');
insert into address (`street1`,`city`,`state`,`state_abr`,`post_code`,`country`) values(N'53 McKillop Street',N'WATERLOO',N'Victoria',N'VIC',N'3373',N'Australia');
insert into address (`street1`,`city`,`state`,`state_abr`,`post_code`,`country`) values(N'65 Campbells River Road',N'WHITE CLIFFS',N'New South Wales',N'NSW',N'2836',N'Australia');
insert into address (`street1`,`city`,`state`,`state_abr`,`post_code`,`country`) values(N'97 Hodgson St',N'CLINTONVALE',N'Queensland',N'QLD',N'4370',N'Australia');
insert into address (`street1`,`city`,`state`,`state_abr`,`post_code`,`country`) values(N'54 Sunraysia Road',N'GLENBRAE',N'Victoria',N'VIC',N'3352',N'Australia');
insert into address (`street1`,`city`,`state`,`state_abr`,`post_code`,`country`) values(N'80 Banksia Street',N'KONNONGORRING',N'Western Australia',N'WA',N'6603',N'Australia');
insert into address (`street1`,`city`,`state`,`state_abr`,`post_code`,`country`) values(N'22 Settlement Road',N'WINNINDOO',N'Victoria',N'VIC',N'3858',N'Australia');
insert into address (`street1`,`city`,`state`,`state_abr`,`post_code`,`country`) values(N'2 Rose Street',N'DEWHURST',N'Victoria',N'VIC',N'3808',N'Australia');
insert into address (`street1`,`city`,`state`,`state_abr`,`post_code`,`country`) values(N'53 Muscat Street',N'KALANNIE',N'Western Australia',N'WA',N'6468',N'Australia');
insert into address (`street1`,`city`,`state`,`state_abr`,`post_code`,`country`) values(N'78 Bourke Crescent',N'GRASS FLAT',N'Victoria',N'VIC',N'3409',N'Australia');
insert into address (`street1`,`city`,`state`,`state_abr`,`post_code`,`country`) values(N'32 Kintyre Street',N'PARK RIDGE SOUTH',N'Queensland',N'QLD',N'4125',N'Australia');
insert into address (`street1`,`city`,`state`,`state_abr`,`post_code`,`country`) values(N'12 Thone Street',N'WHERROL FLAT',N'New South Wales',N'NSW',N'2429',N'Australia');
insert into address (`street1`,`city`,`state`,`state_abr`,`post_code`,`country`) values(N'70 Ocean Street',N'JABIRU',N'Northern Territory',N'NT',N'0886',N'Australia');
insert into address (`street1`,`city`,`state`,`state_abr`,`post_code`,`country`) values(N'76 Auricht Road',N'STRUAN',N'South Australia',N'SA',N'5271',N'Australia');
insert into address (`street1`,`city`,`state`,`state_abr`,`post_code`,`country`) values(N'16 Bette McNee Street',N'TULLAKOOL',N'New South Wales',N'NSW',N'2732',N'Australia');
insert into address (`street1`,`city`,`state`,`state_abr`,`post_code`,`country`) values(N'21 Marlin Avenue',N'CULLERIN',N'New South Wales',N'NSW',N'2581',N'Australia');
insert into address (`street1`,`city`,`state`,`state_abr`,`post_code`,`country`) values(N'70 Aquatic Road',N'TAREE SOUTH',N'New South Wales',N'NSW',N'2430',N'Australia');
insert into address (`street1`,`city`,`state`,`state_abr`,`post_code`,`country`) values(N'76 Yulara Drive',N'MIMILI',N'South Australia',N'SA',N'0872',N'Australia');
insert into address (`street1`,`city`,`state`,`state_abr`,`post_code`,`country`) values(N'47 Devon Street',N'KIDMAN PARK',N'South Australia',N'SA',N'5025',N'Australia');
insert into address (`street1`,`city`,`state`,`state_abr`,`post_code`,`country`) values(N'89 Gadd Avenue',N'CLEMENTS GAP',N'South Australia',N'SA',N'5523',N'Australia');
insert into address (`street1`,`city`,`state`,`state_abr`,`post_code`,`country`) values(N'8 Lapko Road',N'PINGRUP',N'Western Australia',N'WA',N'6343',N'Australia');
insert into address (`street1`,`city`,`state`,`state_abr`,`post_code`,`country`) values(N'48 Ghost Hill Road',N'ST MARYS',N'New South Wales',N'NSW',N'2760',N'Australia');
insert into address (`street1`,`city`,`state`,`state_abr`,`post_code`,`country`) values(N'75 Village Drive',N'BUSBY',N'New South Wales',N'NSW',N'2168',N'Australia');
insert into address (`street1`,`city`,`state`,`state_abr`,`post_code`,`country`) values(N'39 Acheron Road',N'CHURCHILL',N'Victoria',N'VIC',N'3842',N'Australia');
insert into address (`street1`,`city`,`state`,`state_abr`,`post_code`,`country`) values(N'86 Treasure Island Avenue',N'CURRUMBIN',N'Queensland',N'QLD',N'4223',N'Australia');
insert into address (`street1`,`city`,`state`,`state_abr`,`post_code`,`country`) values(N'66 McGregor Street',N'MOUNT GIPPS',N'New South Wales',N'NSW',N'2880',N'Australia');
insert into address (`street1`,`city`,`state`,`state_abr`,`post_code`,`country`) values(N'54 Duff Street',N'BINDOON TRAINING AREA',N'Western Australia',N'WA',N'6502',N'Australia');
insert into address (`street1`,`city`,`state`,`state_abr`,`post_code`,`country`) values(N'90 Todd Street',N'MOUNT TARCOOLA',N'Western Australia',N'WA',N'6530',N'Australia');
insert into address (`street1`,`city`,`state`,`state_abr`,`post_code`,`country`) values(N'65 Walters Street',N'SPRINGHURST',N'Victoria',N'VIC',N'3682',N'Australia');
insert into address (`street1`,`city`,`state`,`state_abr`,`post_code`,`country`) values(N'82 Bailey Street',N'YAMBUK',N'Victoria',N'VIC',N'3285',N'Australia');
insert into address (`street1`,`city`,`state`,`state_abr`,`post_code`,`country`) values(N'82 Tennyson Road',N'PRAIRIEWOOD',N'New South Wales',N'NSW',N'2176',N'Australia');
insert into address (`street1`,`city`,`state`,`state_abr`,`post_code`,`country`) values(N'50 Black Range Road',N'REEDY SWAMP',N'New South Wales',N'NSW',N'2550',N'Australia');
insert into address (`street1`,`city`,`state`,`state_abr`,`post_code`,`country`) values(N'49 Sydney Road',N'WOLLAR',N'New South Wales',N'NSW',N'2850',N'Australia');
insert into address (`street1`,`city`,`state`,`state_abr`,`post_code`,`country`) values(N'73 Anderson Street',N'KIPPA-RING',N'Queensland',N'QLD',N'4021',N'Australia');
insert into address (`street1`,`city`,`state`,`state_abr`,`post_code`,`country`) values(N'60 Monteagle Road',N'SYMONSTON',N'Australian Capital Territory',N'ACT',N'2609',N'Australia');
insert into address (`street1`,`city`,`state`,`state_abr`,`post_code`,`country`) values(N'29 Treasure Island Avenue',N'BURLEIGH WATERS',N'Queensland',N'QLD',N'4220',N'Australia');
insert into address (`street1`,`city`,`state`,`state_abr`,`post_code`,`country`) values(N'87 Henry Moss Court',N'MIDDLE BEACH',N'South Australia',N'SA',N'5501',N'Australia');
insert into address (`street1`,`city`,`state`,`state_abr`,`post_code`,`country`) values(N'24 Myrtle Street',N'PELLUEBLA',N'Victoria',N'VIC',N'3727',N'Australia');
insert into address (`street1`,`city`,`state`,`state_abr`,`post_code`,`country`) values(N'91 Dalgarno Street',N'ORANGE GROVE',N'New South Wales',N'NSW',N'2380',N'Australia');
insert into address (`street1`,`city`,`state`,`state_abr`,`post_code`,`country`) values(N'41 Weemala Avenue',N'PULLABOOKA',N'New South Wales',N'NSW',N'2810',N'Australia');
insert into address (`street1`,`city`,`state`,`state_abr`,`post_code`,`country`) values(N'90 Eurack Court',N'NUBBA',N'New South Wales',N'NSW',N'2587',N'Australia');
insert into address (`street1`,`city`,`state`,`state_abr`,`post_code`,`country`) values(N'38 Gregory Way',N'COOKERNUP',N'Western Australia',N'WA',N'6220',N'Australia');
insert into address (`street1`,`city`,`state`,`state_abr`,`post_code`,`country`) values(N'39 Burnley Street',N'PORT STANVAC',N'South Australia',N'SA',N'5160',N'Australia');
insert into address (`street1`,`city`,`state`,`state_abr`,`post_code`,`country`) values(N'52 McLeans Road',N'HAPPY VALLEY',N'Queensland',N'QLD',N'4655',N'Australia');
insert into address (`street1`,`city`,`state`,`state_abr`,`post_code`,`country`) values(N'85 Auricht Road',N'KEILIRA',N'South Australia',N'SA',N'5275',N'Australia');
insert into address (`street1`,`city`,`state`,`state_abr`,`post_code`,`country`) values(N'25 Weemala Avenue',N'BLAYNEY',N'New South Wales',N'NSW',N'2799',N'Australia');
insert into address (`street1`,`city`,`state`,`state_abr`,`post_code`,`country`) values(N'64 Panorama Road',N'BECTIVE',N'New South Wales',N'NSW',N'2340',N'Australia');
insert into address (`street1`,`city`,`state`,`state_abr`,`post_code`,`country`) values(N'12 Webb Road',N'KAHIBAH',N'New South Wales',N'NSW',N'2290',N'Australia');
insert into address (`street1`,`city`,`state`,`state_abr`,`post_code`,`country`) values(N'20 Bayview Close',N'YAAMBA',N'Queensland',N'QLD',N'4704',N'Australia');
insert into address (`street1`,`city`,`state`,`state_abr`,`post_code`,`country`) values(N'62 Point Walter Road',N'WATTLEUP',N'Western Australia',N'WA',N'6166',N'Australia');
insert into address (`street1`,`city`,`state`,`state_abr`,`post_code`,`country`) values(N'84 George Street',N'HUMEBURN',N'Queensland',N'QLD',N'4490',N'Australia');
insert into address (`street1`,`city`,`state`,`state_abr`,`post_code`,`country`) values(N'28 Stanley Drive',N'GOORGANGA CREEK',N'Queensland',N'QLD',N'4800',N'Australia');
insert into address (`street1`,`city`,`state`,`state_abr`,`post_code`,`country`) values(N'90 Kooljak Rd',N'GEOGRAPHE',N'Western Australia',N'WA',N'6280',N'Australia');
insert into address (`street1`,`city`,`state`,`state_abr`,`post_code`,`country`) values(N'45 Woolnough Road',N'GLENALTA',N'South Australia',N'SA',N'5052',N'Australia');
insert into address (`street1`,`city`,`state`,`state_abr`,`post_code`,`country`) values(N'77 Albert Street',N'DARLINGTON',N'Queensland',N'QLD',N'4285',N'Australia');
insert into address (`street1`,`city`,`state`,`state_abr`,`post_code`,`country`) values(N'39 Fitzroy Street',N'BALLARAT EAST',N'Victoria',N'VIC',N'3350',N'Australia');
insert into address (`street1`,`city`,`state`,`state_abr`,`post_code`,`country`) values(N'83 Hereford Avenue',N'PETWOOD',N'South Australia',N'SA',N'5254',N'Australia');
insert into address (`street1`,`city`,`state`,`state_abr`,`post_code`,`country`) values(N'16 Rose Street',N'GEMBROOK',N'Victoria',N'VIC',N'3783',N'Australia');
insert into address (`street1`,`city`,`state`,`state_abr`,`post_code`,`country`) values(N'64 Grandis Road',N'COMARA',N'New South Wales',N'NSW',N'2440',N'Australia');
insert into address (`street1`,`city`,`state`,`state_abr`,`post_code`,`country`) values(N'13 Black Point Drive',N'CUMMINS',N'South Australia',N'SA',N'5631',N'Australia');
insert into address (`street1`,`city`,`state`,`state_abr`,`post_code`,`country`) values(N'15 Harris Street',N'ALEXANDRA',N'Victoria',N'VIC',N'3714',N'Australia');
insert into address (`street1`,`city`,`state`,`state_abr`,`post_code`,`country`) values(N'9 Devon Street',N'LOCKLEYS',N'South Australia',N'SA',N'5032',N'Australia');
insert into address (`street1`,`city`,`state`,`state_abr`,`post_code`,`country`) values(N'51 Beach Street',N'BUNGAREE',N'Tasmania',N'TAS',N'7256',N'Australia');
insert into address (`street1`,`city`,`state`,`state_abr`,`post_code`,`country`) values(N'46 Norton Street',N'ST IVES CHASE',N'New South Wales',N'NSW',N'2075',N'Australia');
insert into address (`street1`,`city`,`state`,`state_abr`,`post_code`,`country`) values(N'63 Ghost Hill Road',N'ROPES CROSSING',N'New South Wales',N'NSW',N'2760',N'Australia');
insert into address (`street1`,`city`,`state`,`state_abr`,`post_code`,`country`) values(N'12 Tooraweenah Road',N'NANARDINE',N'New South Wales',N'NSW',N'2870',N'Australia');
insert into address (`street1`,`city`,`state`,`state_abr`,`post_code`,`country`) values(N'79 Hunter Street',N'TOOWOOMBA EAST',N'Queensland',N'QLD',N'4350',N'Australia');
insert into address (`street1`,`city`,`state`,`state_abr`,`post_code`,`country`) values(N'83 Milbrodale Road',N'LONG POINT',N'New South Wales',N'NSW',N'2330',N'Australia');
insert into address (`street1`,`city`,`state`,`state_abr`,`post_code`,`country`) values(N'83 Duff Street',N'BULLFINCH',N'Western Australia',N'WA',N'6484',N'Australia');
insert into address (`street1`,`city`,`state`,`state_abr`,`post_code`,`country`) values(N'78 Creedon Street',N'NORTH MELBOURNE',N'Victoria',N'VIC',N'3051',N'Australia');
insert into address (`street1`,`city`,`state`,`state_abr`,`post_code`,`country`) values(N'47 Corio Street',N'YEODENE',N'Victoria',N'VIC',N'3249',N'Australia');
insert into address (`street1`,`city`,`state`,`state_abr`,`post_code`,`country`) values(N'39 Spencer Street',N'INSKIP',N'Queensland',N'QLD',N'4581',N'Australia');
insert into address (`street1`,`city`,`state`,`state_abr`,`post_code`,`country`) values(N'32 Parkes Road',N'KINGSVILLE',N'Victoria',N'VIC',N'3012',N'Australia');
insert into address (`street1`,`city`,`state`,`state_abr`,`post_code`,`country`) values(N'33 Elizabeth Street',N'THE DAWN',N'Queensland',N'QLD',N'4570',N'Australia');
insert into address (`street1`,`city`,`state`,`state_abr`,`post_code`,`country`) values(N'32 Sydney Road',N'TOTNES VALLEY',N'New South Wales',N'NSW',N'2850',N'Australia');
insert into address (`street1`,`city`,`state`,`state_abr`,`post_code`,`country`) values(N'88 Forrest Road',N'WANAARING',N'New South Wales',N'NSW',N'2840',N'Australia');
insert into address (`street1`,`city`,`state`,`state_abr`,`post_code`,`country`) values(N'63 Frouds Road',N'UPLANDS',N'Victoria',N'VIC',N'3900',N'Australia');
insert into address (`street1`,`city`,`state`,`state_abr`,`post_code`,`country`) values(N'75 Cunningham Street',N'GLENMORGAN',N'Queensland',N'QLD',N'4423',N'Australia');
insert into address (`street1`,`city`,`state`,`state_abr`,`post_code`,`country`) values(N'77 Mills Street',N'ASCOT',N'Queensland',N'QLD',N'4007',N'Australia');
insert into address (`street1`,`city`,`state`,`state_abr`,`post_code`,`country`) values(N'54 Black Range Road',N'ROCKY HALL',N'New South Wales',N'NSW',N'2550',N'Australia');
insert into address (`street1`,`city`,`state`,`state_abr`,`post_code`,`country`) values(N'27 Ugoa Street',N'BOBS CREEK',N'New South Wales',N'NSW',N'2439',N'Australia');
insert into address (`street1`,`city`,`state`,`state_abr`,`post_code`,`country`) values(N'5 Glenpark Road',N'URUNGA',N'New South Wales',N'NSW',N'2455',N'Australia');

-- -----------------------------------------------------
-- party data
-- -----------------------------------------------------

INSERT INTO `party` (`party_id`,`party_uuid`,`name`,`contact_name`,`email`,`phone`,`mobile`,`mailing_address_id`,`physical_address_id`) VALUES (1,'0d5f5918-69dc-11e7-931d-001a7dda7113','Placerat Cras Dictum Limited','Philip Harper','Morbi.metus@augueutlacus.net','(08) 5913 7797','(04) 1022 7116',134,329);
INSERT INTO `party` (`party_id`,`party_uuid`,`name`,`contact_name`,`email`,`phone`,`mobile`,`mailing_address_id`,`physical_address_id`) VALUES (2,'0d5fde0c-69dc-11e7-931d-001a7dda7113','Ligula Institute','Mari Lancaster','Donec.vitae@aliquet.ca','(04) 8904 4282','(04) 8041 9700',84,418);
INSERT INTO `party` (`party_id`,`party_uuid`,`name`,`contact_name`,`email`,`phone`,`mobile`,`mailing_address_id`,`physical_address_id`) VALUES (3,'0d603ab1-69dc-11e7-931d-001a7dda7113','Ullamcorper Magna Sed Consulting','Griffin Chaney','cursus@aliquetmetusurna.com','(09) 1570 7081','(04) 8241 4403',69,309);
INSERT INTO `party` (`party_id`,`party_uuid`,`name`,`contact_name`,`email`,`phone`,`mobile`,`mailing_address_id`,`physical_address_id`) VALUES (4,'0d609363-69dc-11e7-931d-001a7dda7113','Consequat Auctor Ltd','Yasir Hubbard','eu.nulla@egetvarius.edu','(02) 6668 6946','(04) 2081 4870',135,335);
INSERT INTO `party` (`party_id`,`party_uuid`,`name`,`contact_name`,`email`,`phone`,`mobile`,`mailing_address_id`,`physical_address_id`) VALUES (5,'0d60e4ca-69dc-11e7-931d-001a7dda7113','Rutrum Industries','Francesca Weber','cursus.vestibulum@feugiat.org','(07) 1270 0106','(04) 1323 4714',4,397);
INSERT INTO `party` (`party_id`,`party_uuid`,`name`,`contact_name`,`email`,`phone`,`mobile`,`mailing_address_id`,`physical_address_id`) VALUES (6,'0d614cc0-69dc-11e7-931d-001a7dda7113','Bibendum PC','Kareem Carter','aliquet@orciUt.com','(01) 1271 3596','(04) 3397 1829',181,408);
INSERT INTO `party` (`party_id`,`party_uuid`,`name`,`contact_name`,`email`,`phone`,`mobile`,`mailing_address_id`,`physical_address_id`) VALUES (7,'0d61afd7-69dc-11e7-931d-001a7dda7113','Eu Industries','Hayfa Mckinney','fringilla@nunc.edu','(02) 2650 1911','(04) 4833 4628',118,372);
INSERT INTO `party` (`party_id`,`party_uuid`,`name`,`contact_name`,`email`,`phone`,`mobile`,`mailing_address_id`,`physical_address_id`) VALUES (8,'0d621198-69dc-11e7-931d-001a7dda7113','Ligula Consectetuer Ltd','Leilani Hinton','Proin@mauris.net','(08) 7887 2283','(04) 2822 0745',135,256);
INSERT INTO `party` (`party_id`,`party_uuid`,`name`,`contact_name`,`email`,`phone`,`mobile`,`mailing_address_id`,`physical_address_id`) VALUES (9,'0d62776f-69dc-11e7-931d-001a7dda7113','Sit Amet Consulting','Cameran Hendricks','Maecenas.ornare@vulputateposuere.org','(02) 6542 5832','(04) 9021 8717',148,403);
INSERT INTO `party` (`party_id`,`party_uuid`,`name`,`contact_name`,`email`,`phone`,`mobile`,`mailing_address_id`,`physical_address_id`) VALUES (10,'0d62d4b0-69dc-11e7-931d-001a7dda7113','Morbi Metus PC','Drake Welch','egestas@nisi.co.uk','(09) 2757 8170','(04) 5019 8231',33,340);
INSERT INTO `party` (`party_id`,`party_uuid`,`name`,`contact_name`,`email`,`phone`,`mobile`,`mailing_address_id`,`physical_address_id`) VALUES (11,'0d6333cc-69dc-11e7-931d-001a7dda7113','Et Magnis Ltd','Ariana Mueller','pretium@Proin.co.uk','(09) 4817 6464','(04) 4157 8048',238,402);
INSERT INTO `party` (`party_id`,`party_uuid`,`name`,`contact_name`,`email`,`phone`,`mobile`,`mailing_address_id`,`physical_address_id`) VALUES (12,'0d639962-69dc-11e7-931d-001a7dda7113','Natoque Corp.','Morgan Fischer','tellus.Suspendisse.sed@tincidunt.net','(07) 5591 8897','(04) 2728 9999',100,370);
INSERT INTO `party` (`party_id`,`party_uuid`,`name`,`contact_name`,`email`,`phone`,`mobile`,`mailing_address_id`,`physical_address_id`) VALUES (13,'0d64ec76-69dc-11e7-931d-001a7dda7113','Aliquam Company','Evangeline Kaufman','Mauris@vitae.ca','(07) 3286 0259','(04) 0695 2940',167,472);
INSERT INTO `party` (`party_id`,`party_uuid`,`name`,`contact_name`,`email`,`phone`,`mobile`,`mailing_address_id`,`physical_address_id`) VALUES (14,'0d654332-69dc-11e7-931d-001a7dda7113','Sodales PC','Freya Acevedo','erat.Etiam@liberoDonec.org','(07) 4517 2175','(04) 4137 0142',244,305);
INSERT INTO `party` (`party_id`,`party_uuid`,`name`,`contact_name`,`email`,`phone`,`mobile`,`mailing_address_id`,`physical_address_id`) VALUES (15,'0d659de5-69dc-11e7-931d-001a7dda7113','Vitae Industries','Cassady Harrison','tristique@cursusInteger.org','(08) 9179 9881','(04) 0871 9753',205,406);
INSERT INTO `party` (`party_id`,`party_uuid`,`name`,`contact_name`,`email`,`phone`,`mobile`,`mailing_address_id`,`physical_address_id`) VALUES (16,'0d65f579-69dc-11e7-931d-001a7dda7113','Est Consulting','Noel Schmidt','fames.ac@Nuncmauriselit.co.uk','(01) 1856 0874','(04) 7688 6707',113,463);
INSERT INTO `party` (`party_id`,`party_uuid`,`name`,`contact_name`,`email`,`phone`,`mobile`,`mailing_address_id`,`physical_address_id`) VALUES (17,'0d66537c-69dc-11e7-931d-001a7dda7113','Congue In Company','Hashim Olsen','aliquam@est.org','(07) 0605 4221','(04) 2095 0918',60,367);
INSERT INTO `party` (`party_id`,`party_uuid`,`name`,`contact_name`,`email`,`phone`,`mobile`,`mailing_address_id`,`physical_address_id`) VALUES (18,'0d66ad56-69dc-11e7-931d-001a7dda7113','Elit Pede Malesuada Foundation','Julie Carver','dui.Cum@Nuncquis.org','(09) 2986 4450','(04) 6296 4853',92,486);
INSERT INTO `party` (`party_id`,`party_uuid`,`name`,`contact_name`,`email`,`phone`,`mobile`,`mailing_address_id`,`physical_address_id`) VALUES (19,'0d67e03f-69dc-11e7-931d-001a7dda7113','Et Industries','Elton Ayala','libero.dui.nec@felisNulla.co.uk','(04) 0354 2494','(04) 3581 0123',41,410);
INSERT INTO `party` (`party_id`,`party_uuid`,`name`,`contact_name`,`email`,`phone`,`mobile`,`mailing_address_id`,`physical_address_id`) VALUES (20,'0d683cd1-69dc-11e7-931d-001a7dda7113','Felis Nulla Tempor Institute','Lars Hoffman','cursus@ultriciesornare.co.uk','(03) 3364 4213','(04) 1466 8685',200,476);
INSERT INTO `party` (`party_id`,`party_uuid`,`name`,`contact_name`,`email`,`phone`,`mobile`,`mailing_address_id`,`physical_address_id`) VALUES (21,'0d68923e-69dc-11e7-931d-001a7dda7113','Magna Phasellus LLC','Mikayla Dyer','Mauris.quis@nonquam.ca','(05) 9548 0378','(04) 6778 4709',180,286);
INSERT INTO `party` (`party_id`,`party_uuid`,`name`,`contact_name`,`email`,`phone`,`mobile`,`mailing_address_id`,`physical_address_id`) VALUES (22,'0d68eda8-69dc-11e7-931d-001a7dda7113','Rhoncus Donec Industries','Julian Sellers','nisi@vitaealiquet.com','(02) 4318 3679','(04) 8632 7485',92,381);
INSERT INTO `party` (`party_id`,`party_uuid`,`name`,`contact_name`,`email`,`phone`,`mobile`,`mailing_address_id`,`physical_address_id`) VALUES (23,'0d694d99-69dc-11e7-931d-001a7dda7113','Nisi A Incorporated','Ocean Payne','turpis@dolorsit.org','(05) 5551 9409','(04) 4457 7056',177,338);
INSERT INTO `party` (`party_id`,`party_uuid`,`name`,`contact_name`,`email`,`phone`,`mobile`,`mailing_address_id`,`physical_address_id`) VALUES (24,'0d69a3c1-69dc-11e7-931d-001a7dda7113','Mollis Lectus Company','Phoebe Elliott','Sed.congue.elit@Maurismolestie.ca','(04) 9448 2539','(04) 3866 1450',167,258);
INSERT INTO `party` (`party_id`,`party_uuid`,`name`,`contact_name`,`email`,`phone`,`mobile`,`mailing_address_id`,`physical_address_id`) VALUES (25,'0d6a0325-69dc-11e7-931d-001a7dda7113','Fusce Dolor Limited','Steven Key','faucibus@dui.ca','(05) 4884 6965','(04) 2232 8608',78,499);
INSERT INTO `party` (`party_id`,`party_uuid`,`name`,`contact_name`,`email`,`phone`,`mobile`,`mailing_address_id`,`physical_address_id`) VALUES (26,'0d6a600f-69dc-11e7-931d-001a7dda7113','Sed Leo Institute','Wylie Noel','euismod@anteNuncmauris.org','(03) 8234 9559','(04) 0752 9565',168,498);
INSERT INTO `party` (`party_id`,`party_uuid`,`name`,`contact_name`,`email`,`phone`,`mobile`,`mailing_address_id`,`physical_address_id`) VALUES (27,'0d6ac19a-69dc-11e7-931d-001a7dda7113','Curae; Phasellus Ornare Corp.','Flynn Cervantes','rhoncus.Nullam.velit@magnaseddui.co.uk','(03) 9267 5088','(04) 8501 5007',161,322);
INSERT INTO `party` (`party_id`,`party_uuid`,`name`,`contact_name`,`email`,`phone`,`mobile`,`mailing_address_id`,`physical_address_id`) VALUES (28,'0d6b1951-69dc-11e7-931d-001a7dda7113','Nec Metus Company','Maris Curtis','lacinia@rhoncusid.edu','(01) 4296 8148','(04) 3521 7820',177,448);
INSERT INTO `party` (`party_id`,`party_uuid`,`name`,`contact_name`,`email`,`phone`,`mobile`,`mailing_address_id`,`physical_address_id`) VALUES (29,'0d6b7b25-69dc-11e7-931d-001a7dda7113','Auctor Nunc Company','Melanie Valdez','Morbi.non@parturientmontesnascetur.ca','(06) 3062 5981','(04) 0272 8968',17,421);
INSERT INTO `party` (`party_id`,`party_uuid`,`name`,`contact_name`,`email`,`phone`,`mobile`,`mailing_address_id`,`physical_address_id`) VALUES (30,'0d6bd0de-69dc-11e7-931d-001a7dda7113','Egestas Limited','Keelie Wise','metus.Aliquam.erat@nonantebibendum.ca','(08) 1452 7064','(04) 2715 4063',187,470);
INSERT INTO `party` (`party_id`,`party_uuid`,`name`,`contact_name`,`email`,`phone`,`mobile`,`mailing_address_id`,`physical_address_id`) VALUES (31,'0d6c7e4e-69dc-11e7-931d-001a7dda7113','Ac Feugiat Associates','Charlotte Marquez','mi.pede@gravidanon.co.uk','(02) 6237 4689','(04) 6381 3283',30,360);
INSERT INTO `party` (`party_id`,`party_uuid`,`name`,`contact_name`,`email`,`phone`,`mobile`,`mailing_address_id`,`physical_address_id`) VALUES (32,'0d6ce112-69dc-11e7-931d-001a7dda7113','Vel Arcu Eu Company','Jamal Lancaster','natoque@eget.ca','(07) 1130 2589','(04) 7706 6258',120,391);
INSERT INTO `party` (`party_id`,`party_uuid`,`name`,`contact_name`,`email`,`phone`,`mobile`,`mailing_address_id`,`physical_address_id`) VALUES (33,'0d6d39b1-69dc-11e7-931d-001a7dda7113','Vel Corp.','Brennan Carter','Morbi.non.sapien@ipsum.com','(08) 3224 5332','(04) 1482 2176',241,432);
INSERT INTO `party` (`party_id`,`party_uuid`,`name`,`contact_name`,`email`,`phone`,`mobile`,`mailing_address_id`,`physical_address_id`) VALUES (34,'0d6da135-69dc-11e7-931d-001a7dda7113','Maecenas Malesuada Fringilla LLC','Georgia Moon','lorem@In.co.uk','(09) 4234 1860','(04) 1787 5484',135,373);
INSERT INTO `party` (`party_id`,`party_uuid`,`name`,`contact_name`,`email`,`phone`,`mobile`,`mailing_address_id`,`physical_address_id`) VALUES (35,'0d6dfb94-69dc-11e7-931d-001a7dda7113','Nullam Associates','Lacey Gilliam','cursus.diam@etmagnis.com','(05) 4100 5153','(04) 6359 6525',84,293);
INSERT INTO `party` (`party_id`,`party_uuid`,`name`,`contact_name`,`email`,`phone`,`mobile`,`mailing_address_id`,`physical_address_id`) VALUES (36,'0d6e61a4-69dc-11e7-931d-001a7dda7113','Quis Diam Corporation','Jillian Cotton','nibh.Quisque@Curabiturut.com','(09) 2113 0015','(04) 1222 2188',148,374);
INSERT INTO `party` (`party_id`,`party_uuid`,`name`,`contact_name`,`email`,`phone`,`mobile`,`mailing_address_id`,`physical_address_id`) VALUES (37,'0d6eb934-69dc-11e7-931d-001a7dda7113','Nulla Integer Vulputate LLP','Galvin Cardenas','ornare@facilisisvitaeorci.edu','(01) 6871 6175','(04) 8826 6001',77,296);
INSERT INTO `party` (`party_id`,`party_uuid`,`name`,`contact_name`,`email`,`phone`,`mobile`,`mailing_address_id`,`physical_address_id`) VALUES (38,'0d6f1a02-69dc-11e7-931d-001a7dda7113','Proin Corporation','Dexter Sawyer','egestas.Duis.ac@Nunc.net','(03) 4998 7853','(04) 8509 8759',138,428);
INSERT INTO `party` (`party_id`,`party_uuid`,`name`,`contact_name`,`email`,`phone`,`mobile`,`mailing_address_id`,`physical_address_id`) VALUES (39,'0d6f7232-69dc-11e7-931d-001a7dda7113','Aenean Sed Limited','Kay Newman','elementum.purus@pedenec.com','(01) 6463 1198','(04) 3463 2360',205,387);
INSERT INTO `party` (`party_id`,`party_uuid`,`name`,`contact_name`,`email`,`phone`,`mobile`,`mailing_address_id`,`physical_address_id`) VALUES (40,'0d6fd743-69dc-11e7-931d-001a7dda7113','Donec Est Associates','Laura Burnett','erat.Sed@sit.edu','(07) 7524 9635','(04) 7255 8937',24,461);
INSERT INTO `party` (`party_id`,`party_uuid`,`name`,`contact_name`,`email`,`phone`,`mobile`,`mailing_address_id`,`physical_address_id`) VALUES (41,'0d703138-69dc-11e7-931d-001a7dda7113','Massa Ltd','Idona Colon','Nulla.facilisis@feugiat.co.uk','(08) 2186 9294','(04) 5012 6702',212,478);
INSERT INTO `party` (`party_id`,`party_uuid`,`name`,`contact_name`,`email`,`phone`,`mobile`,`mailing_address_id`,`physical_address_id`) VALUES (42,'0d708897-69dc-11e7-931d-001a7dda7113','Cum Inc.','Clayton Acevedo','nisi@enimNuncut.net','(03) 7219 4867','(04) 7518 4332',182,346);
INSERT INTO `party` (`party_id`,`party_uuid`,`name`,`contact_name`,`email`,`phone`,`mobile`,`mailing_address_id`,`physical_address_id`) VALUES (43,'0d70dc26-69dc-11e7-931d-001a7dda7113','Eu Euismod Ltd','Xaviera Mckenzie','mauris.blandit@ultricies.com','(04) 7420 9562','(04) 3540 0583',173,398);
INSERT INTO `party` (`party_id`,`party_uuid`,`name`,`contact_name`,`email`,`phone`,`mobile`,`mailing_address_id`,`physical_address_id`) VALUES (44,'0d713456-69dc-11e7-931d-001a7dda7113','Semper Limited','Brody Gonzalez','Curae@Nuncuterat.ca','(06) 4316 8061','(04) 6627 8281',178,311);
INSERT INTO `party` (`party_id`,`party_uuid`,`name`,`contact_name`,`email`,`phone`,`mobile`,`mailing_address_id`,`physical_address_id`) VALUES (45,'0d7188fe-69dc-11e7-931d-001a7dda7113','Amet Limited','Brynn Jensen','id@Phasellus.co.uk','(06) 8236 0002','(04) 0916 4677',10,381);
INSERT INTO `party` (`party_id`,`party_uuid`,`name`,`contact_name`,`email`,`phone`,`mobile`,`mailing_address_id`,`physical_address_id`) VALUES (46,'0d71e590-69dc-11e7-931d-001a7dda7113','Nascetur Ridiculus Mus Corp.','Berk Ramos','non.dapibus.rutrum@venenatis.com','(06) 3734 2793','(04) 4368 1195',204,388);
INSERT INTO `party` (`party_id`,`party_uuid`,`name`,`contact_name`,`email`,`phone`,`mobile`,`mailing_address_id`,`physical_address_id`) VALUES (47,'0d723ae2-69dc-11e7-931d-001a7dda7113','Elit Associates','Michael Gay','quis@tempusnonlacinia.edu','(06) 4347 6442','(04) 1998 4883',24,284);
INSERT INTO `party` (`party_id`,`party_uuid`,`name`,`contact_name`,`email`,`phone`,`mobile`,`mailing_address_id`,`physical_address_id`) VALUES (48,'0d7293c9-69dc-11e7-931d-001a7dda7113','Amet Lorem Industries','Illiana Joseph','lacus@ornareliberoat.co.uk','(02) 3639 8520','(04) 2145 8149',159,260);
INSERT INTO `party` (`party_id`,`party_uuid`,`name`,`contact_name`,`email`,`phone`,`mobile`,`mailing_address_id`,`physical_address_id`) VALUES (49,'0d73e7fb-69dc-11e7-931d-001a7dda7113','Penatibus Et Magnis Corp.','Lewis Morrow','Nunc.ullamcorper.velit@leo.com','(07) 4120 0775','(04) 8250 8725',8,474);
INSERT INTO `party` (`party_id`,`party_uuid`,`name`,`contact_name`,`email`,`phone`,`mobile`,`mailing_address_id`,`physical_address_id`) VALUES (50,'0d744a89-69dc-11e7-931d-001a7dda7113','Nunc Associates','Hector Jensen','quis@natoquepenatibus.co.uk','(07) 9817 3949','(04) 9439 6097',208,395);
INSERT INTO `party` (`party_id`,`party_uuid`,`name`,`contact_name`,`email`,`phone`,`mobile`,`mailing_address_id`,`physical_address_id`) VALUES (51,'0d74b4ae-69dc-11e7-931d-001a7dda7113','Erat Volutpat Corp.','Faith Murphy','Quisque@velit.com','(02) 1085 5803','(04) 7754 8018',4,317);
INSERT INTO `party` (`party_id`,`party_uuid`,`name`,`contact_name`,`email`,`phone`,`mobile`,`mailing_address_id`,`physical_address_id`) VALUES (52,'0d751617-69dc-11e7-931d-001a7dda7113','Massa Foundation','Kameko Whitley','ipsum@nuncsitamet.co.uk','(09) 3748 9768','(04) 4074 1946',63,405);
INSERT INTO `party` (`party_id`,`party_uuid`,`name`,`contact_name`,`email`,`phone`,`mobile`,`mailing_address_id`,`physical_address_id`) VALUES (53,'0d757c1f-69dc-11e7-931d-001a7dda7113','Id Sapien Cras Incorporated','Keane Stark','tellus@Morbivehicula.net','(07) 4460 8343','(04) 9146 2612',171,398);
INSERT INTO `party` (`party_id`,`party_uuid`,`name`,`contact_name`,`email`,`phone`,`mobile`,`mailing_address_id`,`physical_address_id`) VALUES (54,'0d75df27-69dc-11e7-931d-001a7dda7113','Sagittis Nullam Vitae Foundation','Kenyon Beach','Vivamus@diamluctus.co.uk','(05) 6814 9934','(04) 7434 3230',78,316);
INSERT INTO `party` (`party_id`,`party_uuid`,`name`,`contact_name`,`email`,`phone`,`mobile`,`mailing_address_id`,`physical_address_id`) VALUES (55,'0d764511-69dc-11e7-931d-001a7dda7113','Augue Ac Ipsum LLC','Lydia Ware','sit@sit.org','(06) 6015 0071','(04) 1727 5366',212,306);
INSERT INTO `party` (`party_id`,`party_uuid`,`name`,`contact_name`,`email`,`phone`,`mobile`,`mailing_address_id`,`physical_address_id`) VALUES (56,'0d76af27-69dc-11e7-931d-001a7dda7113','Auctor Non Foundation','Frances Burke','enim.gravida.sit@arcu.org','(09) 1049 8682','(04) 7284 6043',157,447);
INSERT INTO `party` (`party_id`,`party_uuid`,`name`,`contact_name`,`email`,`phone`,`mobile`,`mailing_address_id`,`physical_address_id`) VALUES (57,'0d781922-69dc-11e7-931d-001a7dda7113','Phasellus Corporation','Salvador Dickerson','natoque.penatibus.et@semperetlacinia.net','(08) 3278 1929','(04) 4586 2798',118,401);
INSERT INTO `party` (`party_id`,`party_uuid`,`name`,`contact_name`,`email`,`phone`,`mobile`,`mailing_address_id`,`physical_address_id`) VALUES (58,'0d78843a-69dc-11e7-931d-001a7dda7113','Ligula Donec Ltd','Cassidy Francis','Morbi.accumsan.laoreet@arcu.ca','(05) 4295 3768','(04) 8892 7846',132,448);
INSERT INTO `party` (`party_id`,`party_uuid`,`name`,`contact_name`,`email`,`phone`,`mobile`,`mailing_address_id`,`physical_address_id`) VALUES (59,'0d78f310-69dc-11e7-931d-001a7dda7113','Libero Proin Sed Company','Inga Whitney','mi.eleifend.egestas@cubiliaCuraeDonec.co.uk','(09) 5547 4761','(04) 6461 8463',67,340);
INSERT INTO `party` (`party_id`,`party_uuid`,`name`,`contact_name`,`email`,`phone`,`mobile`,`mailing_address_id`,`physical_address_id`) VALUES (60,'0d795a39-69dc-11e7-931d-001a7dda7113','Dolor Corporation','Portia Bradley','orci@nasceturridiculus.net','(05) 9704 0876','(04) 5298 6752',209,350);
INSERT INTO `party` (`party_id`,`party_uuid`,`name`,`contact_name`,`email`,`phone`,`mobile`,`mailing_address_id`,`physical_address_id`) VALUES (61,'0d79befe-69dc-11e7-931d-001a7dda7113','Sed Sem Foundation','Lillian Kirby','enim@etmalesuadafames.co.uk','(01) 6790 6286','(04) 2882 6395',209,251);
INSERT INTO `party` (`party_id`,`party_uuid`,`name`,`contact_name`,`email`,`phone`,`mobile`,`mailing_address_id`,`physical_address_id`) VALUES (62,'0d7a12ba-69dc-11e7-931d-001a7dda7113','Proin Dolor Inc.','Kylynn Hood','lectus@eutellus.com','(04) 5773 5772','(04) 0113 2571',193,262);
INSERT INTO `party` (`party_id`,`party_uuid`,`name`,`contact_name`,`email`,`phone`,`mobile`,`mailing_address_id`,`physical_address_id`) VALUES (63,'0d7a662e-69dc-11e7-931d-001a7dda7113','Mauris Sit Foundation','Karleigh Hooper','laoreet.posuere@enim.co.uk','(06) 6040 3830','(04) 3170 9854',164,344);
INSERT INTO `party` (`party_id`,`party_uuid`,`name`,`contact_name`,`email`,`phone`,`mobile`,`mailing_address_id`,`physical_address_id`) VALUES (64,'0d7ab920-69dc-11e7-931d-001a7dda7113','Interdum Enim Non Consulting','Eden Griffith','mollis.Duis@ac.org','(03) 2037 6899','(04) 2706 7663',222,263);
INSERT INTO `party` (`party_id`,`party_uuid`,`name`,`contact_name`,`email`,`phone`,`mobile`,`mailing_address_id`,`physical_address_id`) VALUES (65,'0d7b0cba-69dc-11e7-931d-001a7dda7113','Bibendum Donec Felis Foundation','Sloane Mcmahon','nisl@luctusipsumleo.org','(08) 1227 0962','(04) 5747 4843',4,351);
INSERT INTO `party` (`party_id`,`party_uuid`,`name`,`contact_name`,`email`,`phone`,`mobile`,`mailing_address_id`,`physical_address_id`) VALUES (66,'0d7b617c-69dc-11e7-931d-001a7dda7113','Elit Company','Clayton Clemons','at@nisinibh.edu','(01) 4494 6433','(04) 8877 2512',24,359);
INSERT INTO `party` (`party_id`,`party_uuid`,`name`,`contact_name`,`email`,`phone`,`mobile`,`mailing_address_id`,`physical_address_id`) VALUES (67,'0d7bbd63-69dc-11e7-931d-001a7dda7113','Amet Consectetuer Adipiscing Institute','Nichole Patrick','nibh.dolor@Namac.net','(08) 8721 8355','(04) 6765 6553',203,360);
INSERT INTO `party` (`party_id`,`party_uuid`,`name`,`contact_name`,`email`,`phone`,`mobile`,`mailing_address_id`,`physical_address_id`) VALUES (68,'0d7c10bf-69dc-11e7-931d-001a7dda7113','Nunc Institute','Leroy Valentine','mauris@DonectinciduntDonec.ca','(05) 0708 0568','(04) 8689 8163',86,421);
INSERT INTO `party` (`party_id`,`party_uuid`,`name`,`contact_name`,`email`,`phone`,`mobile`,`mailing_address_id`,`physical_address_id`) VALUES (69,'0d7c718d-69dc-11e7-931d-001a7dda7113','Ornare Lectus Ante Corp.','Gareth Robbins','mi@senectuset.ca','(01) 7525 7232','(04) 8599 1840',115,302);
INSERT INTO `party` (`party_id`,`party_uuid`,`name`,`contact_name`,`email`,`phone`,`mobile`,`mailing_address_id`,`physical_address_id`) VALUES (70,'0d7cc96a-69dc-11e7-931d-001a7dda7113','Dolor LLC','Vance Morton','natoque.penatibus@risus.edu','(09) 9648 0432','(04) 4428 3333',29,294);
INSERT INTO `party` (`party_id`,`party_uuid`,`name`,`contact_name`,`email`,`phone`,`mobile`,`mailing_address_id`,`physical_address_id`) VALUES (71,'0d7d26fe-69dc-11e7-931d-001a7dda7113','Pede Incorporated','Eleanor Garrison','neque@iaculis.edu','(05) 3515 9270','(04) 9392 2248',244,322);
INSERT INTO `party` (`party_id`,`party_uuid`,`name`,`contact_name`,`email`,`phone`,`mobile`,`mailing_address_id`,`physical_address_id`) VALUES (72,'0d7d899c-69dc-11e7-931d-001a7dda7113','Semper Rutrum Fusce Industries','Sloane Price','consectetuer.cursus.et@magnis.co.uk','(01) 6266 6276','(04) 6852 7471',117,279);
INSERT INTO `party` (`party_id`,`party_uuid`,`name`,`contact_name`,`email`,`phone`,`mobile`,`mailing_address_id`,`physical_address_id`) VALUES (73,'0d7dea4f-69dc-11e7-931d-001a7dda7113','Hendrerit Foundation','Astra Kirk','vitae.sodales@Nullamvitaediam.com','(05) 5149 6788','(04) 7580 3973',249,344);
INSERT INTO `party` (`party_id`,`party_uuid`,`name`,`contact_name`,`email`,`phone`,`mobile`,`mailing_address_id`,`physical_address_id`) VALUES (74,'0d7f25e4-69dc-11e7-931d-001a7dda7113','Nunc PC','Thaddeus Langley','erat.volutpat@egetmetus.net','(01) 7666 0490','(04) 9480 8328',34,469);
INSERT INTO `party` (`party_id`,`party_uuid`,`name`,`contact_name`,`email`,`phone`,`mobile`,`mailing_address_id`,`physical_address_id`) VALUES (75,'0d7f7f91-69dc-11e7-931d-001a7dda7113','Per Conubia Nostra Corp.','Dana Dunn','Donec@liberoat.com','(02) 8316 8044','(04) 2952 8441',185,443);
INSERT INTO `party` (`party_id`,`party_uuid`,`name`,`contact_name`,`email`,`phone`,`mobile`,`mailing_address_id`,`physical_address_id`) VALUES (76,'0d7fd62a-69dc-11e7-931d-001a7dda7113','Fusce Feugiat Lorem Institute','Jolene Berger','elit.pede@ipsumnunc.com','(09) 9980 0297','(04) 6971 1476',135,437);
INSERT INTO `party` (`party_id`,`party_uuid`,`name`,`contact_name`,`email`,`phone`,`mobile`,`mailing_address_id`,`physical_address_id`) VALUES (77,'0d802b39-69dc-11e7-931d-001a7dda7113','Mi Pede Nonummy Corporation','Cheryl Fields','semper.egestas@Utsagittis.co.uk','(04) 4643 6579','(04) 6451 2692',129,410);
INSERT INTO `party` (`party_id`,`party_uuid`,`name`,`contact_name`,`email`,`phone`,`mobile`,`mailing_address_id`,`physical_address_id`) VALUES (78,'0d8082b3-69dc-11e7-931d-001a7dda7113','Nascetur LLP','Hadley Cabrera','a@sedest.org','(01) 7585 8403','(04) 0722 6350',186,498);
INSERT INTO `party` (`party_id`,`party_uuid`,`name`,`contact_name`,`email`,`phone`,`mobile`,`mailing_address_id`,`physical_address_id`) VALUES (79,'0d81cf49-69dc-11e7-931d-001a7dda7113','Nec Ante Company','Lesley Dickson','sociosqu@ultriciesadipiscingenim.com','(02) 3916 7876','(04) 2435 1117',186,279);
INSERT INTO `party` (`party_id`,`party_uuid`,`name`,`contact_name`,`email`,`phone`,`mobile`,`mailing_address_id`,`physical_address_id`) VALUES (80,'0d823747-69dc-11e7-931d-001a7dda7113','Proin Velit Consulting','Jacob Nelson','sed.pede.nec@Intinciduntcongue.net','(04) 7019 7206','(04) 1781 3553',105,437);
INSERT INTO `party` (`party_id`,`party_uuid`,`name`,`contact_name`,`email`,`phone`,`mobile`,`mailing_address_id`,`physical_address_id`) VALUES (81,'0d829c50-69dc-11e7-931d-001a7dda7113','Cursus Purus Nullam Institute','Dale Nguyen','mattis.Integer@faucibusut.net','(09) 3473 7100','(04) 3181 6053',19,357);
INSERT INTO `party` (`party_id`,`party_uuid`,`name`,`contact_name`,`email`,`phone`,`mobile`,`mailing_address_id`,`physical_address_id`) VALUES (82,'0d82f0ce-69dc-11e7-931d-001a7dda7113','Tellus Non Incorporated','Alan Briggs','Vestibulum.ut@ipsumnon.com','(04) 7611 2300','(04) 8944 0864',205,286);
INSERT INTO `party` (`party_id`,`party_uuid`,`name`,`contact_name`,`email`,`phone`,`mobile`,`mailing_address_id`,`physical_address_id`) VALUES (83,'0d834674-69dc-11e7-931d-001a7dda7113','Proin Eget Limited','Erasmus Weaver','vitae.nibh.Donec@velit.co.uk','(03) 0278 6778','(04) 3458 0700',233,360);
INSERT INTO `party` (`party_id`,`party_uuid`,`name`,`contact_name`,`email`,`phone`,`mobile`,`mailing_address_id`,`physical_address_id`) VALUES (84,'0d8397f6-69dc-11e7-931d-001a7dda7113','Turpis Nulla Aliquet Company','Rana Espinoza','iaculis.quis@nonummyac.co.uk','(04) 9147 3347','(04) 4740 0969',234,432);
INSERT INTO `party` (`party_id`,`party_uuid`,`name`,`contact_name`,`email`,`phone`,`mobile`,`mailing_address_id`,`physical_address_id`) VALUES (85,'0d83f16d-69dc-11e7-931d-001a7dda7113','Orci Phasellus Corporation','Armand Meyer','Ut.tincidunt@lectus.edu','(07) 7480 2665','(04) 9247 9497',165,458);
INSERT INTO `party` (`party_id`,`party_uuid`,`name`,`contact_name`,`email`,`phone`,`mobile`,`mailing_address_id`,`physical_address_id`) VALUES (86,'0d8444bb-69dc-11e7-931d-001a7dda7113','Nunc Mauris Consulting','Velma Foley','non.bibendum.sed@posuere.co.uk','(05) 7601 3826','(04) 6333 1764',174,378);
INSERT INTO `party` (`party_id`,`party_uuid`,`name`,`contact_name`,`email`,`phone`,`mobile`,`mailing_address_id`,`physical_address_id`) VALUES (87,'0d849ddf-69dc-11e7-931d-001a7dda7113','Convallis Est Vitae LLP','Fiona Bishop','Cras.pellentesque@odio.com','(04) 0883 3498','(04) 1167 3603',89,429);
INSERT INTO `party` (`party_id`,`party_uuid`,`name`,`contact_name`,`email`,`phone`,`mobile`,`mailing_address_id`,`physical_address_id`) VALUES (88,'0d84fbce-69dc-11e7-931d-001a7dda7113','Convallis Incorporated','Olga Best','interdum.enim@Proinvelnisl.ca','(01) 4236 3673','(04) 4820 4167',141,453);
INSERT INTO `party` (`party_id`,`party_uuid`,`name`,`contact_name`,`email`,`phone`,`mobile`,`mailing_address_id`,`physical_address_id`) VALUES (89,'0d8550b7-69dc-11e7-931d-001a7dda7113','Iaculis Nec Corp.','Amena Franklin','sit.amet.ultricies@Maecenaslibero.net','(06) 4528 0689','(04) 8799 8847',5,454);
INSERT INTO `party` (`party_id`,`party_uuid`,`name`,`contact_name`,`email`,`phone`,`mobile`,`mailing_address_id`,`physical_address_id`) VALUES (90,'0d85aaf0-69dc-11e7-931d-001a7dda7113','Ipsum Suspendisse Incorporated','Herrod Mckee','quis.pede.Suspendisse@lobortistellus.com','(05) 2925 0532','(04) 6706 4950',76,328);
INSERT INTO `party` (`party_id`,`party_uuid`,`name`,`contact_name`,`email`,`phone`,`mobile`,`mailing_address_id`,`physical_address_id`) VALUES (91,'0d86ff71-69dc-11e7-931d-001a7dda7113','Aliquam Adipiscing Lobortis Limited','Josiah Blevins','dignissim.pharetra.Nam@vulputateduinec.co.uk','(06) 5968 3119','(04) 2158 4197',43,459);
INSERT INTO `party` (`party_id`,`party_uuid`,`name`,`contact_name`,`email`,`phone`,`mobile`,`mailing_address_id`,`physical_address_id`) VALUES (92,'0d87bda2-69dc-11e7-931d-001a7dda7113','Risus Limited','Randall Best','nunc.sed@faucibusid.org','(07) 4164 7536','(04) 4727 7069',223,263);
INSERT INTO `party` (`party_id`,`party_uuid`,`name`,`contact_name`,`email`,`phone`,`mobile`,`mailing_address_id`,`physical_address_id`) VALUES (93,'0d881a12-69dc-11e7-931d-001a7dda7113','Faucibus Institute','Guy Ruiz','justo@diamdictumsapien.edu','(02) 8555 8971','(04) 2763 0680',36,427);
INSERT INTO `party` (`party_id`,`party_uuid`,`name`,`contact_name`,`email`,`phone`,`mobile`,`mailing_address_id`,`physical_address_id`) VALUES (94,'0d88716d-69dc-11e7-931d-001a7dda7113','Lectus Nullam Suscipit Foundation','Cailin Albert','condimentum.eget.volutpat@blanditmattisCras.ca','(05) 8480 5706','(04) 2681 9412',3,385);
INSERT INTO `party` (`party_id`,`party_uuid`,`name`,`contact_name`,`email`,`phone`,`mobile`,`mailing_address_id`,`physical_address_id`) VALUES (95,'0d88d552-69dc-11e7-931d-001a7dda7113','Semper Foundation','Lael Martin','lacus.Nulla@rutrumurnanec.co.uk','(04) 2677 2572','(04) 7849 9400',50,326);
INSERT INTO `party` (`party_id`,`party_uuid`,`name`,`contact_name`,`email`,`phone`,`mobile`,`mailing_address_id`,`physical_address_id`) VALUES (96,'0d892c70-69dc-11e7-931d-001a7dda7113','Et Industries','Fiona Clements','est.ac@temporeratneque.net','(09) 2128 3899','(04) 4908 5177',35,434);
INSERT INTO `party` (`party_id`,`party_uuid`,`name`,`contact_name`,`email`,`phone`,`mobile`,`mailing_address_id`,`physical_address_id`) VALUES (97,'0d898c43-69dc-11e7-931d-001a7dda7113','Integer Vulputate Risus Institute','Kadeem Waller','In@Pellentesquetincidunttempus.co.uk','(03) 7482 5920','(04) 9007 9402',225,411);
INSERT INTO `party` (`party_id`,`party_uuid`,`name`,`contact_name`,`email`,`phone`,`mobile`,`mailing_address_id`,`physical_address_id`) VALUES (98,'0d89e6b5-69dc-11e7-931d-001a7dda7113','Luctus Ipsum PC','Kim Reeves','vitae.velit@aptent.com','(05) 0864 7385','(04) 8683 2879',5,386);
INSERT INTO `party` (`party_id`,`party_uuid`,`name`,`contact_name`,`email`,`phone`,`mobile`,`mailing_address_id`,`physical_address_id`) VALUES (99,'0d8a3eea-69dc-11e7-931d-001a7dda7113','Hymenaeos Institute','Xerxes Crane','posuere@maurisInteger.org','(06) 1289 7202','(04) 9532 3758',43,287);
INSERT INTO `party` (`party_id`,`party_uuid`,`name`,`contact_name`,`email`,`phone`,`mobile`,`mailing_address_id`,`physical_address_id`) VALUES (100,'0d8a92a9-69dc-11e7-931d-001a7dda7113','Neque In Foundation','Evan Simmons','Cras.interdum.Nunc@dui.net','(08) 2398 0983','(04) 8731 3839',170,384);
update party set type = "Supplier" where party_id > 50;

-- -----------------------------------------------------
-- staff data
-- -----------------------------------------------------

INSERT INTO `access_role` (`role_name`) VALUES ("DEFAULT");
INSERT INTO `access_role` (`role_name`) VALUES ("NO ACCESS");

INSERT INTO `staff` (`staff_id`,`staff_uuid`,`name`,`address_id`,`access_role`,`username`,`email`,`password`) VALUES (1,'27146d49-6b1b-11e7-931d-001a7dda7113','Sikandar & Mearaj',457,'NO ACCESS','motion6','info@motion.six','motion6');
INSERT INTO `staff` (`staff_id`,`staff_uuid`,`name`,`address_id`,`access_role`,`username`,`email`,`password`) VALUES (2,'2714f2ec-6b1b-11e7-931d-001a7dda7113','Rafe Robus',456,'NO ACCESS','rrobus1','rrobus1@sbwire.com','16EfMURm');
INSERT INTO `staff` (`staff_id`,`staff_uuid`,`name`,`address_id`,`access_role`,`username`,`email`,`password`) VALUES (3,'2715509f-6b1b-11e7-931d-001a7dda7113','Dorelia Graham',450,'NO ACCESS','dgraham2','dgraham2@e-recht24.de','nVzKazzJ4c');
INSERT INTO `staff` (`staff_id`,`staff_uuid`,`name`,`address_id`,`access_role`,`username`,`email`,`password`) VALUES (4,'2715ad16-6b1b-11e7-931d-001a7dda7113','Alicea Keford',445,'NO ACCESS','akeford3','akeford3@columbia.edu','fekgx9kY6');
INSERT INTO `staff` (`staff_id`,`staff_uuid`,`name`,`address_id`,`access_role`,`username`,`email`,`password`) VALUES (5,'271600da-6b1b-11e7-931d-001a7dda7113','Everett Wilse',441,'NO ACCESS','ewilse4','ewilse4@sphinn.com','KTrHrm4');
INSERT INTO `staff` (`staff_id`,`staff_uuid`,`name`,`address_id`,`access_role`,`username`,`email`,`password`) VALUES (6,'27165d14-6b1b-11e7-931d-001a7dda7113','Ole Malenfant',440,'NO ACCESS','omalenfant5','omalenfant5@photobucket.com','yJS2nC');
INSERT INTO `staff` (`staff_id`,`staff_uuid`,`name`,`address_id`,`access_role`,`username`,`email`,`password`) VALUES (7,'2716c068-6b1b-11e7-931d-001a7dda7113','Robbie Godsell',449,'NO ACCESS','rgodsell6','rgodsell6@ed.gov','Dcj6uS03eWSi');
INSERT INTO `staff` (`staff_id`,`staff_uuid`,`name`,`address_id`,`access_role`,`username`,`email`,`password`) VALUES (8,'27171532-6b1b-11e7-931d-001a7dda7113','Gibbie Delea',449,'NO ACCESS','gdelea7','gdelea7@timesonline.co.uk','oMqfgXZfMgJ');
INSERT INTO `staff` (`staff_id`,`staff_uuid`,`name`,`address_id`,`access_role`,`username`,`email`,`password`) VALUES (9,'271775f8-6b1b-11e7-931d-001a7dda7113','Nikoletta Segeswoeth',454,'NO ACCESS','nsegeswoeth8','nsegeswoeth8@google.com','gNRBEK');
INSERT INTO `staff` (`staff_id`,`staff_uuid`,`name`,`address_id`,`access_role`,`username`,`email`,`password`) VALUES (10,'2717cd7a-6b1b-11e7-931d-001a7dda7113','Darrel Chattell',448,'NO ACCESS','dchattell9','dchattell9@unblog.fr','QweLQdZj2hw');
INSERT INTO `staff` (`staff_id`,`staff_uuid`,`name`,`address_id`,`access_role`,`username`,`email`,`password`) VALUES (11,'27183219-6b1b-11e7-931d-001a7dda7113','Jeffrey Jenteau',446,'NO ACCESS','jjenteaua','jjenteaua@rediff.com','jektvzNTsmjq');
INSERT INTO `staff` (`staff_id`,`staff_uuid`,`name`,`address_id`,`access_role`,`username`,`email`,`password`) VALUES (12,'27189327-6b1b-11e7-931d-001a7dda7113','Marve Tarney',452,'NO ACCESS','mtarneyb','mtarneyb@ibm.com','w8A6XsD5ixI');
INSERT INTO `staff` (`staff_id`,`staff_uuid`,`name`,`address_id`,`access_role`,`username`,`email`,`password`) VALUES (13,'2718fbe3-6b1b-11e7-931d-001a7dda7113','Gayel Fleischmann',458,'NO ACCESS','gfleischmannc','gfleischmannc@elegantthemes.com','me84BY');
INSERT INTO `staff` (`staff_id`,`staff_uuid`,`name`,`address_id`,`access_role`,`username`,`email`,`password`) VALUES (14,'27195139-6b1b-11e7-931d-001a7dda7113','Davin Crimin',449,'NO ACCESS','dcrimind','dcrimind@webmd.com','gV0zX2');
INSERT INTO `staff` (`staff_id`,`staff_uuid`,`name`,`address_id`,`access_role`,`username`,`email`,`password`) VALUES (15,'2719b229-6b1b-11e7-931d-001a7dda7113','Killie Proudley',449,'NO ACCESS','kproudleye','kproudleye@ovh.net','rkgTkK');
INSERT INTO `staff` (`staff_id`,`staff_uuid`,`name`,`address_id`,`access_role`,`username`,`email`,`password`) VALUES (16,'271a0536-6b1b-11e7-931d-001a7dda7113','Miranda Anscombe',444,'NO ACCESS','manscombef','manscombef@ca.gov','19Pbs3e8');
INSERT INTO `staff` (`staff_id`,`staff_uuid`,`name`,`address_id`,`access_role`,`username`,`email`,`password`) VALUES (17,'271a7b81-6b1b-11e7-931d-001a7dda7113','Clair Gamblin',456,'NO ACCESS','cgambling','cgambling@cisco.com','Wv1680oprU');
INSERT INTO `staff` (`staff_id`,`staff_uuid`,`name`,`address_id`,`access_role`,`username`,`email`,`password`) VALUES (18,'271ad93f-6b1b-11e7-931d-001a7dda7113','Julianna Ralston',442,'NO ACCESS','jralstonh','jralstonh@newyorker.com','89GROHSb');
INSERT INTO `staff` (`staff_id`,`staff_uuid`,`name`,`address_id`,`access_role`,`username`,`email`,`password`) VALUES (19,'271b3c1a-6b1b-11e7-931d-001a7dda7113','Sergei Eburne',452,'NO ACCESS','seburnei','seburnei@rambler.ru','WMJb5GEaQmA');
INSERT INTO `staff` (`staff_id`,`staff_uuid`,`name`,`address_id`,`access_role`,`username`,`email`,`password`) VALUES (20,'271baa8d-6b1b-11e7-931d-001a7dda7113','Karon Yesenev',453,'NO ACCESS','kyesenevj','kyesenevj@disqus.com','kWouK7tN8');


-- -----------------------------------------------------
-- job type data
-- -----------------------------------------------------

INSERT INTO `jobowit_db`.`job_type` (`job_type`) VALUES ("Service Request");
INSERT INTO `jobowit_db`.`job_type` (`job_type`) VALUES ("Quote Request");

-- -----------------------------------------------------
-- job status data
-- -----------------------------------------------------

INSERT INTO `job_status` (`status_desc`, `job_type`) VALUES ("Awaiting Scope", 'Quote Request');
INSERT INTO `job_status` (`status_desc`, `job_type`) VALUES ("Awaiting Customer Approval", 'Quote Request');
INSERT INTO `job_status` (`status_desc`, `job_type`) VALUES ("Customer Rejected", 'Quote Request');
INSERT INTO `job_status` (`status_desc`, `job_type`) VALUES ("Under Negotiation", 'Quote Request');
INSERT INTO `job_status` (`status_desc`, `job_type`) VALUES ("Awaiting Schedule", 'Service Request');
INSERT INTO `job_status` (`status_desc`, `job_type`) VALUES ("Scheduled", 'Service Request');
INSERT INTO `job_status` (`status_desc`, `job_type`) VALUES ("In Progress", 'Service Request');
INSERT INTO `job_status` (`status_desc`, `job_type`, `indicates_active_job`) VALUES ("Customer Accepted", 'Quote Request', 0);
INSERT INTO `job_status` (`status_desc`, `job_type`, `indicates_active_job`) VALUES ("Canceled", 'Quote Request', 0);
INSERT INTO `job_status` (`status_desc`, `job_type`, `indicates_active_job`) VALUES ("Completed", 'Service Request', 0);
INSERT INTO `job_status` (`status_desc`, `job_type`, `indicates_active_job`) VALUES ("Canceled", 'Service Request', 0);

-- -----------------------------------------------------
-- job data
-- -----------------------------------------------------

INSERT INTO `job` (`job_uuid`,`job_number`,`customer_id`,`description`,`initial_type`,`current_type`,`referral`,`address_id`,`priority`,`contact_name`,`phone`,`mobile`,`email`,`created_dtm`) VALUES ('a9ba4364-6577-44dc-9266-1fa5484944cf','CIXJOM',1,'ac nulla sed vel enim sit amet nunc viverra dapibus nulla suscipit ligula in lacus curabitur at','Quote Request','Quote Request','Sales-team',113,'Urgent',NULL,NULL,NULL,NULL,'2017-07-24 18:52:51');
INSERT INTO `job` (`job_uuid`,`job_number`,`customer_id`,`description`,`initial_type`,`current_type`,`referral`,`address_id`,`priority`,`contact_name`,`phone`,`mobile`,`email`,`created_dtm`) VALUES ('59bb7aa8-6b65-4541-bb46-f519953148d8','VPDMQG',79,'vel est donec odio justo sollicitudin ut suscipit a feugiat et','Quote Request','Quote Request','Email',153,'Normal',NULL,NULL,NULL,NULL,'2017-07-24 18:52:51');
INSERT INTO `job` (`job_uuid`,`job_number`,`customer_id`,`description`,`initial_type`,`current_type`,`referral`,`address_id`,`priority`,`contact_name`,`phone`,`mobile`,`email`,`created_dtm`) VALUES ('bbb911b9-2bd8-4885-835d-e5df17ac42fe','VOUQWC',53,'hac habitasse platea dictumst maecenas ut massa quis augue luctus tincidunt','Service Request','Quote Request','Publication',209,'Important',NULL,NULL,NULL,NULL,'2017-07-24 18:52:51');
INSERT INTO `job` (`job_uuid`,`job_number`,`customer_id`,`description`,`initial_type`,`current_type`,`referral`,`address_id`,`priority`,`contact_name`,`phone`,`mobile`,`email`,`created_dtm`) VALUES ('c8ad2b80-6ebf-43c5-ae2e-5705bff8ba64','IUNTVG',3,'suspendisse potenti cras in purus eu magna vulputate luctus cum','Quote Request','Service Request','Radio',170,'Important',NULL,NULL,NULL,NULL,'2017-07-24 18:52:51');
INSERT INTO `job` (`job_uuid`,`job_number`,`customer_id`,`description`,`initial_type`,`current_type`,`referral`,`address_id`,`priority`,`contact_name`,`phone`,`mobile`,`email`,`created_dtm`) VALUES ('c7cc82b7-076b-4494-b3d8-d9d68d28a054','SHXBMR',47,'aliquet at feugiat non pretium quis lectus suspendisse potenti in eleifend quam a odio in hac habitasse platea','Quote Request','Service Request','Sales-team',184,'Normal',NULL,NULL,NULL,NULL,'2017-07-24 18:52:51');
INSERT INTO `job` (`job_uuid`,`job_number`,`customer_id`,`description`,`initial_type`,`current_type`,`referral`,`address_id`,`priority`,`contact_name`,`phone`,`mobile`,`email`,`created_dtm`) VALUES ('c34c3c89-2cf4-4e15-b44a-687327d07056','ISWTDA',2,'aenean fermentum donec ut mauris eget massa tempor convallis nulla neque libero convallis','Service Request','Service Request','Publication',191,'Normal',NULL,NULL,NULL,NULL,'2017-07-24 18:52:51');
INSERT INTO `job` (`job_uuid`,`job_number`,`customer_id`,`description`,`initial_type`,`current_type`,`referral`,`address_id`,`priority`,`contact_name`,`phone`,`mobile`,`email`,`created_dtm`) VALUES ('f30c5564-1929-48a3-9095-eb2789e6c142','AQSPFV',6,'eu est congue elementum in hac habitasse platea dictumst morbi vestibulum velit id pretium iaculis diam erat fermentum','Quote Request','Service Request','Internal',250,'Important',NULL,NULL,NULL,NULL,'2017-07-24 18:52:51');
INSERT INTO `job` (`job_uuid`,`job_number`,`customer_id`,`description`,`initial_type`,`current_type`,`referral`,`address_id`,`priority`,`contact_name`,`phone`,`mobile`,`email`,`created_dtm`) VALUES ('8878d42a-d178-4e0d-a73e-0adcd2cefb5c','RYIBWU',68,'et ultrices posuere cubilia curae duis faucibus accumsan odio curabitur convallis duis consequat','Service Request','Service Request','Publication',169,'Urgent',NULL,NULL,NULL,NULL,'2017-07-24 18:52:51');
INSERT INTO `job` (`job_uuid`,`job_number`,`customer_id`,`description`,`initial_type`,`current_type`,`referral`,`address_id`,`priority`,`contact_name`,`phone`,`mobile`,`email`,`created_dtm`) VALUES ('54cf32c0-24ee-44a3-9cf8-01a20ebf5424','YCRFJD',96,'quis orci nullam molestie nibh in lectus pellentesque at nulla suspendisse potenti cras in purus eu magna vulputate','Service Request','Quote Request','Publication',287,'Normal',NULL,NULL,NULL,NULL,'2017-07-24 18:52:51');
INSERT INTO `job` (`job_uuid`,`job_number`,`customer_id`,`description`,`initial_type`,`current_type`,`referral`,`address_id`,`priority`,`contact_name`,`phone`,`mobile`,`email`,`created_dtm`) VALUES ('c90edc7e-052b-4981-ac30-3f684bea8080','HNJITC',95,'ullamcorper purus sit amet nulla quisque arcu libero rutrum ac lobortis vel dapibus at','Quote Request','Quote Request','Internal',200,'Important',NULL,NULL,NULL,NULL,'2017-07-24 18:52:51');
INSERT INTO `job` (`job_uuid`,`job_number`,`customer_id`,`description`,`initial_type`,`current_type`,`referral`,`address_id`,`priority`,`contact_name`,`phone`,`mobile`,`email`,`created_dtm`) VALUES ('ad844bfe-4790-45d3-b257-2b6d364d7b78','HZBTPL',75,'lacus morbi quis tortor id nulla ultrices aliquet maecenas leo odio','Quote Request','Quote Request','Internal',200,'Normal',NULL,NULL,NULL,NULL,'2017-07-24 18:52:51');
INSERT INTO `job` (`job_uuid`,`job_number`,`customer_id`,`description`,`initial_type`,`current_type`,`referral`,`address_id`,`priority`,`contact_name`,`phone`,`mobile`,`email`,`created_dtm`) VALUES ('3018c072-455f-476b-9df5-fbf71dc25d42','SCGARH',49,'mattis pulvinar nulla pede ullamcorper augue a suscipit nulla elit ac nulla sed vel enim sit amet','Service Request','Service Request','Publication',178,'Urgent',NULL,NULL,NULL,NULL,'2017-07-24 18:52:51');
INSERT INTO `job` (`job_uuid`,`job_number`,`customer_id`,`description`,`initial_type`,`current_type`,`referral`,`address_id`,`priority`,`contact_name`,`phone`,`mobile`,`email`,`created_dtm`) VALUES ('dac93435-c0bf-4142-a28a-fa84d112169a','VLEBDA',75,'ante ipsum primis in faucibus orci luctus et ultrices posuere cubilia curae mauris viverra diam vitae quam suspendisse potenti','Quote Request','Service Request','Radio',241,'Normal',NULL,NULL,NULL,NULL,'2017-07-24 18:52:51');
INSERT INTO `job` (`job_uuid`,`job_number`,`customer_id`,`description`,`initial_type`,`current_type`,`referral`,`address_id`,`priority`,`contact_name`,`phone`,`mobile`,`email`,`created_dtm`) VALUES ('37b97b21-cf29-47f6-945d-1f9d35c61200','QBJUOC',39,'rutrum neque aenean auctor gravida sem praesent id massa id nisl venenatis','Service Request','Service Request','Internal',206,'Urgent',NULL,NULL,NULL,NULL,'2017-07-24 18:52:51');
INSERT INTO `job` (`job_uuid`,`job_number`,`customer_id`,`description`,`initial_type`,`current_type`,`referral`,`address_id`,`priority`,`contact_name`,`phone`,`mobile`,`email`,`created_dtm`) VALUES ('f118735e-9f54-4c10-8c21-4cd4dfb3f463','BXKPMS',16,'sit amet turpis elementum ligula vehicula consequat morbi a ipsum integer a nibh in quis justo maecenas','Service Request','Service Request','Publication',276,'Important',NULL,NULL,NULL,NULL,'2017-07-24 18:52:51');
INSERT INTO `job` (`job_uuid`,`job_number`,`customer_id`,`description`,`initial_type`,`current_type`,`referral`,`address_id`,`priority`,`contact_name`,`phone`,`mobile`,`email`,`created_dtm`) VALUES ('b32f8526-bc84-4cb3-8f85-964dac1329a3','WFUYDI',5,'nullam molestie nibh in lectus pellentesque at nulla suspendisse potenti cras in purus eu magna vulputate','Quote Request','Quote Request','Internal',252,'Normal',NULL,NULL,NULL,NULL,'2017-07-24 18:52:51');
INSERT INTO `job` (`job_uuid`,`job_number`,`customer_id`,`description`,`initial_type`,`current_type`,`referral`,`address_id`,`priority`,`contact_name`,`phone`,`mobile`,`email`,`created_dtm`) VALUES ('36d89c01-9fcd-4186-864c-f29c1123e720','JZDUAV',81,'morbi non quam nec dui luctus rutrum nulla tellus in sagittis dui','Quote Request','Service Request','Sales-team',202,'Important',NULL,NULL,NULL,NULL,'2017-07-24 18:52:51');
INSERT INTO `job` (`job_uuid`,`job_number`,`customer_id`,`description`,`initial_type`,`current_type`,`referral`,`address_id`,`priority`,`contact_name`,`phone`,`mobile`,`email`,`created_dtm`) VALUES ('63c6c8eb-af50-41ba-89df-e304f5974c6f','WKIHTZ',44,'fringilla rhoncus mauris enim leo rhoncus sed vestibulum sit amet cursus id turpis integer aliquet massa id','Quote Request','Service Request','Sales-team',288,'Important',NULL,NULL,NULL,NULL,'2017-07-24 18:52:51');
INSERT INTO `job` (`job_uuid`,`job_number`,`customer_id`,`description`,`initial_type`,`current_type`,`referral`,`address_id`,`priority`,`contact_name`,`phone`,`mobile`,`email`,`created_dtm`) VALUES ('5ce3ea49-6f10-4ce3-a93c-75f2d1a7182f','PKMRXF',52,'tristique fusce congue diam id ornare imperdiet sapien urna pretium nisl ut volutpat sapien arcu sed augue aliquam','Service Request','Service Request','Outside',275,'Urgent',NULL,NULL,NULL,NULL,'2017-07-24 18:52:51');
INSERT INTO `job` (`job_uuid`,`job_number`,`customer_id`,`description`,`initial_type`,`current_type`,`referral`,`address_id`,`priority`,`contact_name`,`phone`,`mobile`,`email`,`created_dtm`) VALUES ('5dfe31ac-1af1-433b-bca9-c6f66b298d98','ZBPAYE',6,'libero ut massa volutpat convallis morbi odio odio elementum eu interdum eu tincidunt in leo maecenas','Quote Request','Service Request','Sales-team',220,'Normal',NULL,NULL,NULL,NULL,'2017-07-24 18:52:51');
INSERT INTO `job` (`job_uuid`,`job_number`,`customer_id`,`description`,`initial_type`,`current_type`,`referral`,`address_id`,`priority`,`contact_name`,`phone`,`mobile`,`email`,`created_dtm`) VALUES ('092dc52a-2cb7-4abe-b510-c6d0709b0d67','YIQEPK',2,'lacinia aenean sit amet justo morbi ut odio cras mi pede malesuada in','Quote Request','Quote Request','Sales-team',280,'Important',NULL,NULL,NULL,NULL,'2017-07-24 18:52:51');
INSERT INTO `job` (`job_uuid`,`job_number`,`customer_id`,`description`,`initial_type`,`current_type`,`referral`,`address_id`,`priority`,`contact_name`,`phone`,`mobile`,`email`,`created_dtm`) VALUES ('c58830d7-cc1b-4297-af32-7639f7fef139','DQMPRW',64,'nulla tellus in sagittis dui vel nisl duis ac nibh fusce lacus purus aliquet at','Quote Request','Quote Request','Email',214,'Important',NULL,NULL,NULL,NULL,'2017-07-24 18:52:51');
INSERT INTO `job` (`job_uuid`,`job_number`,`customer_id`,`description`,`initial_type`,`current_type`,`referral`,`address_id`,`priority`,`contact_name`,`phone`,`mobile`,`email`,`created_dtm`) VALUES ('a231f516-f721-46b7-bb9b-ccc7164fa192','RVLBHZ',63,'mi integer ac neque duis bibendum morbi non quam nec dui','Quote Request','Service Request','Outside',291,'Important',NULL,NULL,NULL,NULL,'2017-07-24 18:52:51');
INSERT INTO `job` (`job_uuid`,`job_number`,`customer_id`,`description`,`initial_type`,`current_type`,`referral`,`address_id`,`priority`,`contact_name`,`phone`,`mobile`,`email`,`created_dtm`) VALUES ('34a2955b-e99a-4cd5-bb8d-02062f52ada0','NDQJKR',14,'ac nibh fusce lacus purus aliquet at feugiat non pretium quis lectus','Quote Request','Quote Request','Sales-team',104,'Important',NULL,NULL,NULL,NULL,'2017-07-24 18:52:51');
INSERT INTO `job` (`job_uuid`,`job_number`,`customer_id`,`description`,`initial_type`,`current_type`,`referral`,`address_id`,`priority`,`contact_name`,`phone`,`mobile`,`email`,`created_dtm`) VALUES ('deb63528-19ef-4121-a4c8-0941b1dbb33a','KAIEVS',74,'id turpis integer aliquet massa id lobortis convallis tortor risus dapibus augue','Service Request','Quote Request','Outside',208,'Important',NULL,NULL,NULL,NULL,'2017-07-24 18:52:51');
INSERT INTO `job` (`job_uuid`,`job_number`,`customer_id`,`description`,`initial_type`,`current_type`,`referral`,`address_id`,`priority`,`contact_name`,`phone`,`mobile`,`email`,`created_dtm`) VALUES ('ca37b9a8-3632-4002-abe0-3f306954ab90','JGMUTB',87,'donec pharetra magna vestibulum aliquet ultrices erat tortor sollicitudin mi sit amet lobortis sapien sapien non','Service Request','Service Request','Outside',141,'Urgent',NULL,NULL,NULL,NULL,'2017-07-24 18:52:51');
INSERT INTO `job` (`job_uuid`,`job_number`,`customer_id`,`description`,`initial_type`,`current_type`,`referral`,`address_id`,`priority`,`contact_name`,`phone`,`mobile`,`email`,`created_dtm`) VALUES ('47cb2aba-120b-48da-b815-e595a30523d9','HUOYKW',86,'enim in tempor turpis nec euismod scelerisque quam turpis adipiscing','Quote Request','Quote Request','Sales-team',291,'Urgent',NULL,NULL,NULL,NULL,'2017-07-24 18:52:51');
INSERT INTO `job` (`job_uuid`,`job_number`,`customer_id`,`description`,`initial_type`,`current_type`,`referral`,`address_id`,`priority`,`contact_name`,`phone`,`mobile`,`email`,`created_dtm`) VALUES ('0d58ee2a-f194-45f2-b20f-86cb136c307d','BJGRES',63,'aliquam quis turpis eget elit sodales scelerisque mauris sit amet eros suspendisse accumsan tortor quis turpis sed ante vivamus tortor','Quote Request','Service Request','Radio',285,'Urgent',NULL,NULL,NULL,NULL,'2017-07-24 18:52:51');
INSERT INTO `job` (`job_uuid`,`job_number`,`customer_id`,`description`,`initial_type`,`current_type`,`referral`,`address_id`,`priority`,`contact_name`,`phone`,`mobile`,`email`,`created_dtm`) VALUES ('9fc7db2b-b5ee-4558-aa4d-67405f4d9ed6','BAQSLH',84,'in purus eu magna vulputate luctus cum sociis natoque penatibus et magnis dis parturient montes nascetur ridiculus mus','Service Request','Quote Request','Internal',178,'Urgent',NULL,NULL,NULL,NULL,'2017-07-24 18:52:51');
INSERT INTO `job` (`job_uuid`,`job_number`,`customer_id`,`description`,`initial_type`,`current_type`,`referral`,`address_id`,`priority`,`contact_name`,`phone`,`mobile`,`email`,`created_dtm`) VALUES ('9118a060-defc-43fb-b1a4-771ca57d9935','VXLBWC',48,'magna vulputate luctus cum sociis natoque penatibus et magnis dis parturient montes nascetur ridiculus','Service Request','Quote Request','Radio',141,'Normal',NULL,NULL,NULL,NULL,'2017-07-24 18:52:51');
INSERT INTO `job` (`job_uuid`,`job_number`,`customer_id`,`description`,`initial_type`,`current_type`,`referral`,`address_id`,`priority`,`contact_name`,`phone`,`mobile`,`email`,`created_dtm`) VALUES ('913b83e9-deb1-463b-af04-43db9c5124e2','NAKTGU',50,'libero non mattis pulvinar nulla pede ullamcorper augue a suscipit nulla elit ac nulla','Quote Request','Quote Request','Radio',242,'Urgent',NULL,NULL,NULL,NULL,'2017-07-24 18:52:51');
INSERT INTO `job` (`job_uuid`,`job_number`,`customer_id`,`description`,`initial_type`,`current_type`,`referral`,`address_id`,`priority`,`contact_name`,`phone`,`mobile`,`email`,`created_dtm`) VALUES ('8175d22b-65d4-45c8-b8ce-b319745141af','FTSBXK',77,'sit amet sapien dignissim vestibulum vestibulum ante ipsum primis in faucibus orci luctus et ultrices posuere cubilia curae nulla dapibus','Service Request','Service Request','Publication',186,'Normal',NULL,NULL,NULL,NULL,'2017-07-24 18:52:51');
INSERT INTO `job` (`job_uuid`,`job_number`,`customer_id`,`description`,`initial_type`,`current_type`,`referral`,`address_id`,`priority`,`contact_name`,`phone`,`mobile`,`email`,`created_dtm`) VALUES ('57cb3d4b-b2a8-45c9-9f30-b9922bfc987b','GBRPUX',71,'augue quam sollicitudin vitae consectetuer eget rutrum at lorem integer tincidunt ante','Quote Request','Service Request','Publication',299,'Important',NULL,NULL,NULL,NULL,'2017-07-24 18:52:51');
INSERT INTO `job` (`job_uuid`,`job_number`,`customer_id`,`description`,`initial_type`,`current_type`,`referral`,`address_id`,`priority`,`contact_name`,`phone`,`mobile`,`email`,`created_dtm`) VALUES ('ac189b19-d21f-4d7b-954f-afac19190395','BQFMVG',77,'venenatis tristique fusce congue diam id ornare imperdiet sapien urna pretium','Quote Request','Service Request','Outside',172,'Urgent',NULL,NULL,NULL,NULL,'2017-07-24 18:52:51');
INSERT INTO `job` (`job_uuid`,`job_number`,`customer_id`,`description`,`initial_type`,`current_type`,`referral`,`address_id`,`priority`,`contact_name`,`phone`,`mobile`,`email`,`created_dtm`) VALUES ('e4f0ec45-ed2d-437e-8b86-67456f092359','YATZCR',91,'convallis duis consequat dui nec nisi volutpat eleifend donec ut dolor morbi','Quote Request','Quote Request','Outside',280,'Important',NULL,NULL,NULL,NULL,'2017-07-24 18:52:51');
INSERT INTO `job` (`job_uuid`,`job_number`,`customer_id`,`description`,`initial_type`,`current_type`,`referral`,`address_id`,`priority`,`contact_name`,`phone`,`mobile`,`email`,`created_dtm`) VALUES ('c3241e54-e2c0-4df7-a051-acb086a8cc83','WQASHJ',29,'quam suspendisse potenti nullam porttitor lacus at turpis donec posuere metus vitae ipsum aliquam non mauris morbi','Quote Request','Service Request','Sales-team',167,'Normal',NULL,NULL,NULL,NULL,'2017-07-24 18:52:51');
INSERT INTO `job` (`job_uuid`,`job_number`,`customer_id`,`description`,`initial_type`,`current_type`,`referral`,`address_id`,`priority`,`contact_name`,`phone`,`mobile`,`email`,`created_dtm`) VALUES ('680a7aee-b40d-47fb-a0a2-53d0b24829d6','XMAKYB',30,'pulvinar sed nisl nunc rhoncus dui vel sem sed sagittis','Quote Request','Service Request','Radio',252,'Urgent',NULL,NULL,NULL,NULL,'2017-07-24 18:52:51');
INSERT INTO `job` (`job_uuid`,`job_number`,`customer_id`,`description`,`initial_type`,`current_type`,`referral`,`address_id`,`priority`,`contact_name`,`phone`,`mobile`,`email`,`created_dtm`) VALUES ('2935aaa5-9078-4c5d-8b01-6df31335192d','ZKVMQI',84,'pede lobortis ligula sit amet eleifend pede libero quis orci','Service Request','Quote Request','Internal',276,'Urgent',NULL,NULL,NULL,NULL,'2017-07-24 18:52:51');
INSERT INTO `job` (`job_uuid`,`job_number`,`customer_id`,`description`,`initial_type`,`current_type`,`referral`,`address_id`,`priority`,`contact_name`,`phone`,`mobile`,`email`,`created_dtm`) VALUES ('6b9d2c21-ff38-41ac-a9ee-d639c17ef7fc','TSLRZG',73,'cras non velit nec nisi vulputate nonummy maecenas tincidunt lacus at velit vivamus vel nulla eget eros elementum pellentesque','Quote Request','Quote Request','Internal',121,'Important',NULL,NULL,NULL,NULL,'2017-07-24 18:52:51');
INSERT INTO `job` (`job_uuid`,`job_number`,`customer_id`,`description`,`initial_type`,`current_type`,`referral`,`address_id`,`priority`,`contact_name`,`phone`,`mobile`,`email`,`created_dtm`) VALUES ('68476898-2b63-41ce-871b-b429becfa61c','ERUXKV',1,'Paint','Service Request','Service Request','Phone',500,'Normal',NULL,NULL,NULL,NULL,'2017-07-24 18:52:51');

-- -----------------------------------------------------
-- mock data for job_status_entry
-- -----------------------------------------------------

INSERT INTO `job_status_entry` (`job_id`,`job_status`,`staff_id`,`comment`) VALUES (19,2,8,'Mock status');
INSERT INTO `job_status_entry` (`job_id`,`job_status`,`staff_id`,`comment`) VALUES (22,2,18,'Mock status');
INSERT INTO `job_status_entry` (`job_id`,`job_status`,`staff_id`,`comment`) VALUES (29,2,9,'Mock status');
INSERT INTO `job_status_entry` (`job_id`,`job_status`,`staff_id`,`comment`) VALUES (33,2,10,'Mock status');
INSERT INTO `job_status_entry` (`job_id`,`job_status`,`staff_id`,`comment`) VALUES (40,2,5,'Mock status');
INSERT INTO `job_status_entry` (`job_id`,`job_status`,`staff_id`,`comment`) VALUES (12,3,17,'Mock status');
INSERT INTO `job_status_entry` (`job_id`,`job_status`,`staff_id`,`comment`) VALUES (5,4,5,'Mock status');
INSERT INTO `job_status_entry` (`job_id`,`job_status`,`staff_id`,`comment`) VALUES (7,4,11,'Mock status');
INSERT INTO `job_status_entry` (`job_id`,`job_status`,`staff_id`,`comment`) VALUES (27,4,2,'Mock status');
INSERT INTO `job_status_entry` (`job_id`,`job_status`,`staff_id`,`comment`) VALUES (36,4,16,'Mock status');
INSERT INTO `job_status_entry` (`job_id`,`job_status`,`staff_id`,`comment`) VALUES (37,4,14,'Mock status');
INSERT INTO `job_status_entry` (`job_id`,`job_status`,`staff_id`,`comment`) VALUES (38,4,5,'Mock status');
INSERT INTO `job_status_entry` (`job_id`,`job_status`,`staff_id`,`comment`) VALUES (23,5,1,'Mock status');
INSERT INTO `job_status_entry` (`job_id`,`job_status`,`staff_id`,`comment`) VALUES (31,5,10,'Mock status');
INSERT INTO `job_status_entry` (`job_id`,`job_status`,`staff_id`,`comment`) VALUES (6,6,7,'Mock status');
INSERT INTO `job_status_entry` (`job_id`,`job_status`,`staff_id`,`comment`) VALUES (9,6,8,'Mock status');
INSERT INTO `job_status_entry` (`job_id`,`job_status`,`staff_id`,`comment`) VALUES (15,6,18,'Mock status');
INSERT INTO `job_status_entry` (`job_id`,`job_status`,`staff_id`,`comment`) VALUES (3,7,5,'Mock status');
INSERT INTO `job_status_entry` (`job_id`,`job_status`,`staff_id`,`comment`) VALUES (13,7,15,'Mock status');
INSERT INTO `job_status_entry` (`job_id`,`job_status`,`staff_id`,`comment`) VALUES (18,7,18,'Mock status');
INSERT INTO `job_status_entry` (`job_id`,`job_status`,`staff_id`,`comment`) VALUES (24,7,7,'Mock status');
INSERT INTO `job_status_entry` (`job_id`,`job_status`,`staff_id`,`comment`) VALUES (30,7,3,'Mock status');
INSERT INTO `job_status_entry` (`job_id`,`job_status`,`staff_id`,`comment`) VALUES (35,7,11,'Mock status');
INSERT INTO `job_status_entry` (`job_id`,`job_status`,`staff_id`,`comment`) VALUES (17,8,8,'Mock status');
INSERT INTO `job_status_entry` (`job_id`,`job_status`,`staff_id`,`comment`) VALUES (32,8,8,'Mock status');
INSERT INTO `job_status_entry` (`job_id`,`job_status`,`staff_id`,`comment`) VALUES (34,8,15,'Mock status');
INSERT INTO `job_status_entry` (`job_id`,`job_status`,`staff_id`,`comment`) VALUES (1,9,14,'Mock status');
INSERT INTO `job_status_entry` (`job_id`,`job_status`,`staff_id`,`comment`) VALUES (2,9,4,'Mock status');
INSERT INTO `job_status_entry` (`job_id`,`job_status`,`staff_id`,`comment`) VALUES (4,9,17,'Mock status');
INSERT INTO `job_status_entry` (`job_id`,`job_status`,`staff_id`,`comment`) VALUES (10,9,13,'Mock status');
INSERT INTO `job_status_entry` (`job_id`,`job_status`,`staff_id`,`comment`) VALUES (20,9,15,'Mock status');
INSERT INTO `job_status_entry` (`job_id`,`job_status`,`staff_id`,`comment`) VALUES (21,9,19,'Mock status');
INSERT INTO `job_status_entry` (`job_id`,`job_status`,`staff_id`,`comment`) VALUES (28,9,8,'Mock status');
INSERT INTO `job_status_entry` (`job_id`,`job_status`,`staff_id`,`comment`) VALUES (16,10,5,'Mock status');
INSERT INTO `job_status_entry` (`job_id`,`job_status`,`staff_id`,`comment`) VALUES (8,11,3,'Mock status');
INSERT INTO `job_status_entry` (`job_id`,`job_status`,`staff_id`,`comment`) VALUES (11,11,19,'Mock status');
INSERT INTO `job_status_entry` (`job_id`,`job_status`,`staff_id`,`comment`) VALUES (14,11,9,'Mock status');
INSERT INTO `job_status_entry` (`job_id`,`job_status`,`staff_id`,`comment`) VALUES (25,11,6,'Mock status');
INSERT INTO `job_status_entry` (`job_id`,`job_status`,`staff_id`,`comment`) VALUES (26,11,2,'Mock status');
INSERT INTO `job_status_entry` (`job_id`,`job_status`,`staff_id`,`comment`) VALUES (39,11,14,'Mock status');


-- -----------------------------------------------------
-- mock comments for job
-- -----------------------------------------------------

insert into comment (details, job_id, staff_id) values ('Curabitur at ipsum ac tellus semper interdum. Mauris ullamcorper purus sit amet nulla. Quisque arcu libero, rutrum ac, lobortis vel, dapibus at, diam.', 16, 17);
insert into comment (details, job_id, staff_id) values ('Nullam sit amet turpis elementum ligula vehicula consequat. Morbi a ipsum. Integer a nibh.', 20, 13);
insert into comment (details, job_id, staff_id) values ('Proin interdum mauris non ligula pellentesque ultrices. Phasellus id sapien in sapien iaculis congue. Vivamus metus arcu, adipiscing molestie, hendrerit at, vulputate vitae, nisl.', 35, 15);
insert into comment (details, job_id, staff_id) values ('Morbi non lectus. Aliquam sit amet diam in magna bibendum imperdiet. Nullam orci pede, venenatis non, sodales sed, tincidunt eu, felis.', 17, 5);
insert into comment (details, job_id, staff_id) values ('Duis consequat dui nec nisi volutpat eleifend. Donec ut dolor. Morbi vel lectus in quam fringilla rhoncus.', 17, 2);
insert into comment (details, job_id, staff_id) values ('Mauris enim leo, rhoncus sed, vestibulum sit amet, cursus id, turpis. Integer aliquet, massa id lobortis convallis, tortor risus dapibus augue, vel accumsan tellus nisi eu orci. Mauris lacinia sapien quis libero.', 28, 17);
insert into comment (details, job_id, staff_id) values ('Pellentesque at nulla. Suspendisse potenti. Cras in purus eu magna vulputate luctus.', 4, 12);
insert into comment (details, job_id, staff_id) values ('Aliquam quis turpis eget elit sodales scelerisque. Mauris sit amet eros. Suspendisse accumsan tortor quis turpis.', 25, 17);
insert into comment (details, job_id, staff_id) values ('Duis bibendum. Morbi non quam nec dui luctus rutrum. Nulla tellus.', 27, 8);
insert into comment (details, job_id, staff_id) values ('Proin leo odio, porttitor id, consequat in, consequat ut, nulla. Sed accumsan felis. Ut at dolor quis odio consequat varius.', 6, 9);
insert into comment (details, job_id, staff_id) values ('Pellentesque at nulla. Suspendisse potenti. Cras in purus eu magna vulputate luctus.', 14, 16);
insert into comment (details, job_id, staff_id) values ('Duis bibendum. Morbi non quam nec dui luctus rutrum. Nulla tellus.', 36, 15);
insert into comment (details, job_id, staff_id) values ('Cras non velit nec nisi vulputate nonummy. Maecenas tincidunt lacus at velit. Vivamus vel nulla eget eros elementum pellentesque.', 19, 14);
insert into comment (details, job_id, staff_id) values ('Integer tincidunt ante vel ipsum. Praesent blandit lacinia erat. Vestibulum sed magna at nunc commodo placerat.', 23, 14);
insert into comment (details, job_id, staff_id) values ('Sed ante. Vivamus tortor. Duis mattis egestas metus.', 11, 14);

-- -----------------------------------------------------
-- mock comments for party
-- -----------------------------------------------------

insert into comment (details, party_id, staff_id) values ('Vestibulum quam sapien, varius ut, blandit non, interdum in, ante. Vestibulum ante ipsum primis in faucibus orci luctus et ultrices posuere cubilia Curae; Duis faucibus accumsan odio. Curabitur convallis.', 21, 16);
insert into comment (details, party_id, staff_id) values ('Quisque porta volutpat erat. Quisque erat eros, viverra eget, congue eget, semper rutrum, nulla. Nunc purus.', 68, 1);
insert into comment (details, party_id, staff_id) values ('Aliquam quis turpis eget elit sodales scelerisque. Mauris sit amet eros. Suspendisse accumsan tortor quis turpis.', 5, 15);
insert into comment (details, party_id, staff_id) values ('Duis bibendum. Morbi non quam nec dui luctus rutrum. Nulla tellus.', 87, 19);
insert into comment (details, party_id, staff_id) values ('Aenean fermentum. Donec ut mauris eget massa tempor convallis. Nulla neque libero, convallis eget, eleifend luctus, ultricies eu, nibh.', 86, 5);
insert into comment (details, party_id, staff_id) values ('Fusce posuere felis sed lacus. Morbi sem mauris, laoreet ut, rhoncus aliquet, pulvinar sed, nisl. Nunc rhoncus dui vel sem.', 13, 6);
insert into comment (details, party_id, staff_id) values ('Integer tincidunt ante vel ipsum. Praesent blandit lacinia erat. Vestibulum sed magna at nunc commodo placerat.', 26, 19);
insert into comment (details, party_id, staff_id) values ('Nullam porttitor lacus at turpis. Donec posuere metus vitae ipsum. Aliquam non mauris.', 99, 6);
insert into comment (details, party_id, staff_id) values ('Pellentesque at nulla. Suspendisse potenti. Cras in purus eu magna vulputate luctus.', 35, 20);
insert into comment (details, party_id, staff_id) values ('Duis consequat dui nec nisi volutpat eleifend. Donec ut dolor. Morbi vel lectus in quam fringilla rhoncus.', 76, 13);
insert into comment (details, party_id, staff_id) values ('In hac habitasse platea dictumst. Etiam faucibus cursus urna. Ut tellus.', 24, 8);
insert into comment (details, party_id, staff_id) values ('Vestibulum ac est lacinia nisi venenatis tristique. Fusce congue, diam id ornare imperdiet, sapien urna pretium nisl, ut volutpat sapien arcu sed augue. Aliquam erat volutpat.', 36, 12);
insert into comment (details, party_id, staff_id) values ('Fusce consequat. Nulla nisl. Nunc nisl.', 38, 20);
insert into comment (details, party_id, staff_id) values ('Nulla ut erat id mauris vulputate elementum. Nullam varius. Nulla facilisi.', 19, 20);
insert into comment (details, party_id, staff_id) values ('Proin eu mi. Nulla ac enim. In tempor, turpis nec euismod scelerisque, quam turpis adipiscing lorem, vitae mattis nibh ligula nec sem.', 20, 20);

-- -----------------------------------------------------
-- the role of staff in managing jobs (mock data)
-- -----------------------------------------------------

INSERT INTO `staff_job_role` (`role_id`, `role_name`) VALUES (1, "Operations");
INSERT INTO `staff_job_role` (`role_id`, `role_name`) VALUES (2, "Field Work");
INSERT INTO `staff_job_role` (`role_id`, `role_name`) VALUES (3, "Business Development");

-- -----------------------------------------------------
-- staff role data linked to individual staff
-- -----------------------------------------------------

insert into staff_role (staff_id, role_id) values (14, 2);
insert into staff_role (staff_id, role_id) values (19, 3);
insert into staff_role (staff_id, role_id) values (16, 1);
insert into staff_role (staff_id, role_id) values (12, 2);
insert into staff_role (staff_id, role_id) values (9, 3);
insert into staff_role (staff_id, role_id) values (14, 2);
insert into staff_role (staff_id, role_id) values (17, 3);
insert into staff_role (staff_id, role_id) values (4, 1);
insert into staff_role (staff_id, role_id) values (3, 1);
insert into staff_role (staff_id, role_id) values (4, 2);
insert into staff_role (staff_id, role_id) values (14, 1);
insert into staff_role (staff_id, role_id) values (3, 2);
insert into staff_role (staff_id, role_id) values (19, 2);
insert into staff_role (staff_id, role_id) values (17, 3);
insert into staff_role (staff_id, role_id) values (8, 1);
insert into staff_role (staff_id, role_id) values (1, 3);
insert into staff_role (staff_id, role_id) values (6, 3);
insert into staff_role (staff_id, role_id) values (8, 3);
insert into staff_role (staff_id, role_id) values (10, 3);
insert into staff_role (staff_id, role_id) values (15, 3);
insert into staff_role (staff_id, role_id) values (7, 3);
insert into staff_role (staff_id, role_id) values (17, 2);
insert into staff_role (staff_id, role_id) values (1, 3);
insert into staff_role (staff_id, role_id) values (5, 2);
insert into staff_role (staff_id, role_id) values (9, 2);
insert into staff_role (staff_id, role_id) values (18, 3);
insert into staff_role (staff_id, role_id) values (2, 2);
insert into staff_role (staff_id, role_id) values (12, 3);
insert into staff_role (staff_id, role_id) values (1, 1);
insert into staff_role (staff_id, role_id) values (4, 3);

-- -----------------------------------------------------
-- mock quotation data (non-billable quotations)
-- -----------------------------------------------------

insert into quotation (quotation_id, job_id, billable) values (1, 15, 0);
insert into quotation (quotation_id, job_id, billable) values (2, 8, 0);
insert into quotation (quotation_id, job_id, billable) values (3, 23, 0);
insert into quotation (quotation_id, job_id, billable) values (4, 29, 0);
insert into quotation (quotation_id, job_id, billable) values (5, 16, 0);
insert into quotation (quotation_id, job_id, billable) values (6, 35, 0);
insert into quotation (quotation_id, job_id, billable) values (7, 15, 0);
insert into quotation (quotation_id, job_id, billable) values (8, 17, 0);
insert into quotation (quotation_id, job_id, billable) values (9, 36, 0);
insert into quotation (quotation_id, job_id, billable) values (10, 23, 0);
insert into quotation (quotation_id, job_id, billable) values (11, 37, 0);
insert into quotation (quotation_id, job_id, billable) values (12, 32, 0);
insert into quotation (quotation_id, job_id, billable) values (13, 16, 0);
insert into quotation (quotation_id, job_id, billable) values (14, 6, 0);
insert into quotation (quotation_id, job_id, billable) values (15, 26, 0);
insert into quotation (quotation_id, job_id, billable) values (16, 34, 0);
insert into quotation (quotation_id, job_id, billable) values (17, 37, 0);
insert into quotation (quotation_id, job_id, billable) values (18, 11, 0);
insert into quotation (quotation_id, job_id, billable) values (19, 38, 0);
insert into quotation (quotation_id, job_id, billable) values (20, 40, 0);

-- -----------------------------------------------------
-- mock quotation data (billable quotations)
-- -----------------------------------------------------

insert into quotation (quotation_id, job_id, billable) values (21, 15, 1);
insert into quotation (quotation_id, job_id, billable) values (22, 24, 1);
insert into quotation (quotation_id, job_id, billable) values (23, 30, 1);
insert into quotation (quotation_id, job_id, billable) values (24, 18, 1);
insert into quotation (quotation_id, job_id, billable) values (25, 14, 1);
insert into quotation (quotation_id, job_id, billable) values (26, 14, 1);
insert into quotation (quotation_id, job_id, billable) values (27, 32, 1);
insert into quotation (quotation_id, job_id, billable) values (28, 40, 1);
insert into quotation (quotation_id, job_id, billable) values (29, 3, 1);
insert into quotation (quotation_id, job_id, billable) values (30, 10, 1);

-- -----------------------------------------------------
-- mock quotation line-items data
-- -----------------------------------------------------

insert into quotation_line_item (details, unit_price, quotation_id) values ('Maecenas tristique, est et tempus semper, est quam pharetra magna, ac consequat metus sapien ut nunc. Vestibulum ante ipsum primis in faucibus orci luctus et ultrices posuere cubilia Curae; Mauris viverra diam vitae quam. Suspendisse potenti.', '3454.56', 7);
insert into quotation_line_item (details, unit_price, quotation_id) values ('Duis aliquam convallis nunc. Proin at turpis a pede posuere nonummy. Integer non velit.', '3215.94', 7);
insert into quotation_line_item (details, unit_price, quotation_id) values ('Integer tincidunt ante vel ipsum. Praesent blandit lacinia erat. Vestibulum sed magna at nunc commodo placerat.', '7112.91', 1);
insert into quotation_line_item (details, unit_price, quotation_id) values ('Phasellus in felis. Donec semper sapien a libero. Nam dui.', '7273.10', 29);
insert into quotation_line_item (details, unit_price, quotation_id) values ('Nam ultrices, libero non mattis pulvinar, nulla pede ullamcorper augue, a suscipit nulla elit ac nulla. Sed vel enim sit amet nunc viverra dapibus. Nulla suscipit ligula in lacus.', '6671.48', 24);
insert into quotation_line_item (details, unit_price, quotation_id) values ('In hac habitasse platea dictumst. Etiam faucibus cursus urna. Ut tellus.', '4873.53', 7);
insert into quotation_line_item (details, unit_price, quotation_id) values ('Cum sociis natoque penatibus et magnis dis parturient montes, nascetur ridiculus mus. Vivamus vestibulum sagittis sapien. Cum sociis natoque penatibus et magnis dis parturient montes, nascetur ridiculus mus.', '4446.21', 20);
insert into quotation_line_item (details, unit_price, quotation_id) values ('Duis aliquam convallis nunc. Proin at turpis a pede posuere nonummy. Integer non velit.', '4771.79', 3);
insert into quotation_line_item (details, unit_price, quotation_id) values ('Praesent id massa id nisl venenatis lacinia. Aenean sit amet justo. Morbi ut odio.', '7442.81', 28);
insert into quotation_line_item (details, unit_price, quotation_id) values ('In hac habitasse platea dictumst. Morbi vestibulum, velit id pretium iaculis, diam erat fermentum justo, nec condimentum neque sapien placerat ante. Nulla justo.', '5782.51', 27);
insert into quotation_line_item (details, unit_price, quotation_id) values ('Praesent blandit. Nam nulla. Integer pede justo, lacinia eget, tincidunt eget, tempus vel, pede.', '8908.06', 14);
insert into quotation_line_item (details, unit_price, quotation_id) values ('Praesent blandit. Nam nulla. Integer pede justo, lacinia eget, tincidunt eget, tempus vel, pede.', '9737.10', 23);
insert into quotation_line_item (details, unit_price, quotation_id) values ('Nullam sit amet turpis elementum ligula vehicula consequat. Morbi a ipsum. Integer a nibh.', '2180.22', 2);
insert into quotation_line_item (details, unit_price, quotation_id) values ('Quisque porta volutpat erat. Quisque erat eros, viverra eget, congue eget, semper rutrum, nulla. Nunc purus.', '494.90', 12);
insert into quotation_line_item (details, unit_price, quotation_id) values ('In sagittis dui vel nisl. Duis ac nibh. Fusce lacus purus, aliquet at, feugiat non, pretium quis, lectus.', '5847.81', 17);
insert into quotation_line_item (details, unit_price, quotation_id) values ('Phasellus sit amet erat. Nulla tempus. Vivamus in felis eu sapien cursus vestibulum.', '3053.93', 5);
insert into quotation_line_item (details, unit_price, quotation_id) values ('In hac habitasse platea dictumst. Morbi vestibulum, velit id pretium iaculis, diam erat fermentum justo, nec condimentum neque sapien placerat ante. Nulla justo.', '8706.17', 16);
insert into quotation_line_item (details, unit_price, quotation_id) values ('Vestibulum ac est lacinia nisi venenatis tristique. Fusce congue, diam id ornare imperdiet, sapien urna pretium nisl, ut volutpat sapien arcu sed augue. Aliquam erat volutpat.', '4382.04', 6);
insert into quotation_line_item (details, unit_price, quotation_id) values ('Maecenas ut massa quis augue luctus tincidunt. Nulla mollis molestie lorem. Quisque ut erat.', '199.21', 19);
insert into quotation_line_item (details, unit_price, quotation_id) values ('Fusce consequat. Nulla nisl. Nunc nisl.', '5797.98', 7);
insert into quotation_line_item (details, unit_price, quotation_id) values ('Integer tincidunt ante vel ipsum. Praesent blandit lacinia erat. Vestibulum sed magna at nunc commodo placerat.', '7729.58', 27);
insert into quotation_line_item (details, unit_price, quotation_id) values ('Vestibulum ac est lacinia nisi venenatis tristique. Fusce congue, diam id ornare imperdiet, sapien urna pretium nisl, ut volutpat sapien arcu sed augue. Aliquam erat volutpat.', '9279.85', 4);
insert into quotation_line_item (details, unit_price, quotation_id) values ('Pellentesque at nulla. Suspendisse potenti. Cras in purus eu magna vulputate luctus.', '807.89', 27);
insert into quotation_line_item (details, unit_price, quotation_id) values ('Maecenas leo odio, condimentum id, luctus nec, molestie sed, justo. Pellentesque viverra pede ac diam. Cras pellentesque volutpat dui.', '3286.24', 24);
insert into quotation_line_item (details, unit_price, quotation_id) values ('Curabitur in libero ut massa volutpat convallis. Morbi odio odio, elementum eu, interdum eu, tincidunt in, leo. Maecenas pulvinar lobortis est.', '4680.80', 19);


-- -----------------------------------------------------
-- mock bills from supplier (suppliers are party)
-- -----------------------------------------------------

insert into bill (bill_id, supplier_ref, tax_inclusive, job_id, supplier_id) values (1, 'Phone', 1, 8, 14);
insert into bill (bill_id, supplier_ref, tax_inclusive, job_id, supplier_id) values (2, 'External', 1, 39, 24);
insert into bill (bill_id, supplier_ref, tax_inclusive, job_id, supplier_id) values (3, 'Email', 1, 32, 69);
insert into bill (bill_id, supplier_ref, tax_inclusive, job_id, supplier_id) values (4, 'Email', 1, 38, 94);
insert into bill (bill_id, supplier_ref, tax_inclusive, job_id, supplier_id) values (5, 'Internal-staff', 1, 16, 86);
insert into bill (bill_id, supplier_ref, tax_inclusive, job_id, supplier_id) values (6, 'Internal-staff', 1, 1, 78);
insert into bill (bill_id, supplier_ref, tax_inclusive, job_id, supplier_id) values (7, 'Email', 1, 40, 17);
insert into bill (bill_id, supplier_ref, tax_inclusive, job_id, supplier_id) values (8, 'Phone', 1, 10, 98);
insert into bill (bill_id, supplier_ref, tax_inclusive, job_id, supplier_id) values (9, 'External', 1, 35, 98);
insert into bill (bill_id, supplier_ref, tax_inclusive, job_id, supplier_id) values (10, 'Phone', 1, 39, 48);
insert into bill (bill_id, supplier_ref, tax_inclusive, job_id, supplier_id) values (11, 'External', 1, 19, 60);
insert into bill (bill_id, supplier_ref, tax_inclusive, job_id, supplier_id) values (12, 'BDM', 1, 37, 42);
insert into bill (bill_id, supplier_ref, tax_inclusive, job_id, supplier_id) values (13, 'Phone', 1, 36, 91);
insert into bill (bill_id, supplier_ref, tax_inclusive, job_id, supplier_id) values (14, 'Email', 1, 34, 73);
insert into bill (bill_id, supplier_ref, tax_inclusive, job_id, supplier_id) values (15, 'Email', 1, 15, 34);
insert into bill (bill_id, supplier_ref, tax_inclusive, job_id, supplier_id) values (16, 'Email', 1, 11, 25);
insert into bill (bill_id, supplier_ref, tax_inclusive, job_id, supplier_id) values (17, 'Internal-staff', 1, 18, 19);
insert into bill (bill_id, supplier_ref, tax_inclusive, job_id, supplier_id) values (18, 'Internal-staff', 1, 20, 82);
insert into bill (bill_id, supplier_ref, tax_inclusive, job_id, supplier_id) values (19, 'BDM', 1, 27, 43);
insert into bill (bill_id, supplier_ref, tax_inclusive, job_id, supplier_id) values (20, 'BDM', 1, 25, 43);

-- -----------------------------------------------------
-- mock bill line-items
-- -----------------------------------------------------

insert into bill_line_item (bill_id, description, quantity, unit_price, sell_price) values (7, 'magnis dis parturient montes nascetur ridiculus mus vivamus vestibulum sagittis sapien cum sociis natoque penatibus et', 9, '58.86', 65);
insert into bill_line_item (bill_id, description, quantity, unit_price, sell_price) values (18, 'leo rhoncus sed vestibulum sit amet cursus id turpis integer aliquet', 4, '124.20', 131);
insert into bill_line_item (bill_id, description, quantity, unit_price, sell_price) values (18, 'arcu libero rutrum ac lobortis vel dapibus', 10, '108.15', 115);
insert into bill_line_item (bill_id, description, quantity, unit_price, sell_price) values (7, 'id turpis integer aliquet massa id lobortis', 17, '93.33', 100);
insert into bill_line_item (bill_id, description, quantity, unit_price, sell_price) values (20, 'vitae mattis nibh ligula nec sem duis', 3, '8.15', 15);
insert into bill_line_item (bill_id, description, quantity, unit_price, sell_price) values (13, 'mi nulla ac enim in tempor turpis nec euismod scelerisque', 17, '28.67', 35);
insert into bill_line_item (bill_id, description, quantity, unit_price, sell_price) values (18, 'semper est quam pharetra magna ac consequat metus sapien ut', 6, '18.08', 25);
insert into bill_line_item (bill_id, description, quantity, unit_price, sell_price) values (13, 'tortor quis turpis sed ante vivamus tortor duis mattis egestas metus aenean fermentum donec ut mauris eget', 7, '129.59', 136);
insert into bill_line_item (bill_id, description, quantity, unit_price, sell_price) values (19, 'sodales scelerisque mauris sit amet eros suspendisse accumsan tortor quis', 9, '83.50', 90);
insert into bill_line_item (bill_id, description, quantity, unit_price, sell_price) values (1, 'justo lacinia eget tincidunt eget tempus vel pede morbi porttitor lorem id ligula', 5, '122.61', 129);
insert into bill_line_item (bill_id, description, quantity, unit_price, sell_price) values (8, 'quis tortor id nulla ultrices aliquet maecenas leo odio condimentum id luctus nec molestie sed justo pellentesque viverra pede', 3, '40.19', 47);
insert into bill_line_item (bill_id, description, quantity, unit_price, sell_price) values (2, 'id massa id nisl venenatis lacinia aenean sit amet', 14, '26.99', 33);
insert into bill_line_item (bill_id, description, quantity, unit_price, sell_price) values (2, 'ornare consequat lectus in est risus auctor sed tristique in tempus sit amet sem fusce consequat nulla nisl nunc nisl', 18, '121.41', 128);
insert into bill_line_item (bill_id, description, quantity, unit_price, sell_price) values (15, 'nisi at nibh in hac habitasse platea dictumst', 20, '91.19', 98);
insert into bill_line_item (bill_id, description, quantity, unit_price, sell_price) values (3, 'amet diam in magna bibendum imperdiet', 10, '39.49', 46);
insert into bill_line_item (bill_id, description, quantity, unit_price, sell_price) values (7, 'turpis donec posuere metus vitae ipsum aliquam non mauris morbi non lectus aliquam sit', 14, '71.23', 78);
insert into bill_line_item (bill_id, description, quantity, unit_price, sell_price) values (7, 'dis parturient montes nascetur ridiculus mus etiam vel augue vestibulum rutrum rutrum neque aenean', 14, '16.49', 23);
insert into bill_line_item (bill_id, description, quantity, unit_price, sell_price) values (13, 'dictumst etiam faucibus cursus urna ut tellus nulla ut erat id mauris vulputate elementum nullam varius', 7, '34.42', 41);
insert into bill_line_item (bill_id, description, quantity, unit_price, sell_price) values (11, 'cras non velit nec nisi vulputate nonummy maecenas tincidunt lacus at velit vivamus vel nulla eget', 19, '86.39', 93);
insert into bill_line_item (bill_id, description, quantity, unit_price, sell_price) values (8, 'odio donec vitae nisi nam ultrices libero non mattis', 15, '78.99', 85);
insert into bill_line_item (bill_id, description, quantity, unit_price, sell_price) values (17, 'in lacus curabitur at ipsum ac tellus semper interdum mauris ullamcorper purus sit amet nulla', 8, '144.03', 151);
insert into bill_line_item (bill_id, description, quantity, unit_price, sell_price) values (12, 'non velit donec diam neque vestibulum eget vulputate ut ultrices vel augue vestibulum ante ipsum', 8, '62.70', 69);
insert into bill_line_item (bill_id, description, quantity, unit_price, sell_price) values (8, 'dictumst etiam faucibus cursus urna ut tellus nulla ut erat id mauris vulputate elementum nullam varius nulla', 19, '28.05', 35);
insert into bill_line_item (bill_id, description, quantity, unit_price, sell_price) values (15, 'sociis natoque penatibus et magnis dis parturient montes nascetur ridiculus mus etiam vel augue vestibulum rutrum rutrum neque aenean', 17, '19.94', 26);
insert into bill_line_item (bill_id, description, quantity, unit_price, sell_price) values (17, 'donec odio justo sollicitudin ut suscipit a feugiat et eros', 17, '115.55', 122);
insert into bill_line_item (bill_id, description, quantity, unit_price, sell_price) values (3, 'odio odio elementum eu interdum eu tincidunt in leo maecenas', 2, '7.76', 14);
insert into bill_line_item (bill_id, description, quantity, unit_price, sell_price) values (14, 'in sagittis dui vel nisl duis ac nibh fusce lacus purus aliquet at', 7, '64.53', 71);
insert into bill_line_item (bill_id, description, quantity, unit_price, sell_price) values (8, 'integer ac leo pellentesque ultrices mattis odio donec vitae nisi nam ultrices libero non mattis', 19, '122.65', 129);
insert into bill_line_item (bill_id, description, quantity, unit_price, sell_price) values (14, 'luctus ultricies eu nibh quisque id justo sit amet sapien dignissim vestibulum vestibulum ante ipsum primis in faucibus orci luctus', 6, '61.09', 68);
insert into bill_line_item (bill_id, description, quantity, unit_price, sell_price) values (8, 'facilisi cras non velit nec nisi', 17, '35.43', 42);
insert into bill_line_item (bill_id, description, quantity, unit_price, sell_price) values (8, 'id mauris vulputate elementum nullam varius nulla facilisi cras non velit nec nisi vulputate nonummy maecenas tincidunt lacus', 18, '93.28', 100);
insert into bill_line_item (bill_id, description, quantity, unit_price, sell_price) values (1, 'maecenas tristique est et tempus semper est quam pharetra magna ac consequat', 7, '18.68', 25);
insert into bill_line_item (bill_id, description, quantity, unit_price, sell_price) values (5, 'nam dui proin leo odio porttitor', 9, '142.04', 149);
insert into bill_line_item (bill_id, description, quantity, unit_price, sell_price) values (5, 'lorem ipsum dolor sit amet consectetuer adipiscing elit', 6, '109.12', 116);
insert into bill_line_item (bill_id, description, quantity, unit_price, sell_price) values (12, 'cras pellentesque volutpat dui maecenas tristique est et tempus semper est quam pharetra magna ac consequat metus sapien ut nunc', 19, '89.21', 96);

-- -----------------------------------------------------
-- user access data
-- -----------------------------------------------------

INSERT INTO `db_table` (`table_name`) VALUES ("Party");
INSERT INTO `db_table` (`table_name`) VALUES ("Job");
INSERT INTO `db_table` (`table_name`) VALUES ("Staff");
INSERT INTO `db_table` (`table_name`) VALUES ("JobWorks");
INSERT INTO `access_control` (`staff_id`, `table_name`, `can_read`, `can_delete`, `can_write`) VALUES (1,"Party",1,1,1);
INSERT INTO `access_control` (`staff_id`, `table_name`, `can_read`, `can_delete`, `can_write`) VALUES (2,"Party",1,0,0);
INSERT INTO `access_control` (`staff_id`, `table_name`, `can_read`, `can_delete`, `can_write`) VALUES (3,"Party",1,0,1);
INSERT INTO `access_control` (`staff_id`, `table_name`, `can_read`, `can_delete`, `can_write`) VALUES (4,"Party",1,1,1);

-- -----------------------------------------------------
-- invoice mock data
-- -----------------------------------------------------

INSERT INTO `invoice` (`invoice_id`,`job_id`,`description`,`invoice_dt`,`invoice_due_dt`) 
VALUES 
(1,13,"16701219-4168","2017-06-08","2016-12-23"),
(2,31,"16521129-3641","2018-06-23","2018-05-18"),
(3,12,"16600801-3531","2016-09-15","2017-09-15"),
(4,5,"16280402-5449","2017-05-04","2016-11-19"),
(5,31,"16411207-7112","2017-03-10","2017-08-17"),
(6,4,"16990617-4090","2017-03-11","2017-06-23"),
(7,9,"16410318-1253","2016-08-10","2018-04-17"),
(8,36,"16520730-8031","2016-12-17","2016-12-27"),
(9,20,"16350519-5887","2018-04-11","2017-03-21"),
(10,2,"16130507-2850","2016-08-08","2018-03-08"),
(11,16,"16001211-6406","2017-07-30","2018-07-01"),
(12,10,"16531102-3351","2018-01-27","2016-09-13"),
(13,17,"16941228-7527","2016-11-23","2016-08-19"),
(14,32,"16440920-3496","2016-09-04","2018-05-25"),
(15,24,"16080611-1563","2017-08-11","2017-08-07"),
(16,40,"16970212-4091","2016-10-25","2016-09-15"),
(17,19,"16351130-2790","2017-07-19","2016-08-06"),
(18,29,"16840729-7673","2017-02-06","2017-10-10"),
(19,22,"16920906-6902","2017-11-24","2018-03-29"),
(20,28,"16061228-8837","2018-04-20","2017-07-10"),
(21,25,"16490724-7581","2017-11-01","2018-02-27"),
(22,7,"16770108-6279","2017-09-22","2018-04-04"),
(23,30,"16040616-9201","2017-01-07","2016-10-27"),
(24,20,"16760426-2035","2018-06-29","2016-09-02"),
(25,11,"16860329-0233","2016-10-13","2018-05-16"),
(26,21,"16370702-3861","2016-08-12","2018-05-16"),
(27,5,"16151108-3345","2018-04-30","2018-04-25"),
(28,12,"16631016-4147","2018-01-03","2018-04-26"),
(29,25,"16920830-7935","2016-09-06","2017-03-10"),
(30,7,"16800309-2551","2018-03-21","2018-01-23"),
(31,29,"16510404-7302","2017-01-19","2017-09-19"),
(32,12,"16720204-4041","2018-03-03","2016-09-05"),
(33,1,"16100317-3794","2018-05-29","2017-06-24"),
(34,4,"16461112-1320","2017-04-21","2016-08-02"),
(35,6,"16530301-2404","2018-03-11","2016-10-05"),
(36,27,"16160713-1891","2017-01-26","2017-04-04"),
(37,36,"16860521-0031","2017-03-04","2018-04-14"),
(38,8,"16420227-3472","2017-04-04","2018-03-20"),
(39,6,"16980823-9975","2017-01-14","2018-05-14"),
(40,17,"16710109-4261","2017-12-02","2018-05-20"),
(41,37,"16390330-0840","2016-07-19","2016-07-26"),
(42,22,"16490113-7721","2017-07-08","2017-08-21"),
(43,2,"16340912-1609","2016-09-16","2017-08-31"),
(44,18,"16940324-9783","2016-09-16","2017-05-18"),
(45,17,"16570518-9404","2017-10-28","2016-12-09"),
(46,22,"16060506-7321","2016-09-06","2017-06-12"),
(47,15,"16871211-1213","2017-07-09","2016-07-19"),
(48,6,"16870416-1143","2017-10-30","2016-11-26"),
(49,19,"16591109-6559","2016-07-12","2017-05-12"),
(50,20,"16760306-8359","2017-02-10","2018-03-29"),
(51,4,"16980928-3394","2017-02-20","2016-12-27"),
(52,13,"16311124-4848","2016-11-28","2017-01-11"),
(53,29,"16171122-8609","2018-05-08","2017-01-13"),
(54,37,"16720701-6226","2016-11-08","2018-06-20"),
(55,24,"16190417-4263","2017-03-03","2017-12-15"),
(56,24,"16450126-2473","2017-06-01","2018-02-12"),
(57,24,"16150117-3254","2017-04-17","2017-01-04"),
(58,38,"16650221-5806","2017-09-30","2016-08-20"),
(59,20,"16090105-7554","2018-06-21","2017-04-25"),
(60,38,"16120105-1164","2017-09-03","2017-02-13"),
(61,8,"16040506-0658","2017-10-30","2018-04-23"),
(62,5,"16310505-3684","2018-02-23","2016-09-22"),
(63,21,"16691219-8063","2017-07-22","2017-03-11"),
(64,5,"16240606-7757","2017-02-01","2018-02-13"),
(65,2,"16891120-1435","2016-11-29","2018-02-13"),
(66,3,"16341014-5761","2016-12-17","2018-06-03"),
(67,28,"16620218-9947","2016-07-31","2017-08-19"),
(68,3,"16841220-2023","2016-10-27","2017-09-22"),
(69,21,"16860314-9330","2016-08-30","2016-08-17"),
(70,3,"16470330-3414","2016-12-26","2018-05-29"),
(71,27,"16491129-3787","2016-10-29","2018-06-20"),
(72,20,"16470303-9083","2017-09-14","2017-04-27"),
(73,34,"16280511-8268","2017-10-19","2016-10-01"),
(74,12,"16201030-4208","2017-06-21","2018-02-19"),
(75,22,"16710503-5294","2017-04-26","2017-07-13"),
(76,10,"16020230-0083","2017-05-08","2017-01-27"),
(77,6,"16640915-3811","2016-12-26","2016-08-09"),
(78,17,"16560417-7229","2018-04-23","2017-01-14"),
(79,14,"16310925-1219","2018-02-07","2017-02-17"),
(80,28,"16140213-0825","2017-05-29","2016-08-16"),
(81,28,"16960414-0310","2016-10-20","2018-05-28"),
(82,40,"16800808-1492","2017-10-19","2018-05-02"),
(83,12,"16320714-6477","2016-08-04","2017-08-14"),
(84,8,"16680110-3893","2016-12-05","2018-05-06"),
(85,10,"16640701-9436","2018-02-24","2016-07-10"),
(86,23,"16310312-4115","2018-01-10","2018-05-31"),
(87,39,"16961205-9510","2018-04-03","2018-02-24"),
(88,8,"16020209-5824","2018-03-30","2017-07-23"),
(89,30,"16910228-7027","2017-09-10","2017-09-09"),
(90,30,"16290817-2451","2017-08-10","2016-10-30"),
(91,4,"16380515-1895","2016-09-06","2018-01-28"),
(92,30,"16770818-6833","2017-10-13","2017-10-29"),
(93,40,"16600709-9473","2017-04-05","2017-04-22"),
(94,39,"16720629-1366","2016-11-05","2016-10-15"),
(95,21,"16890612-8387","2016-10-23","2017-07-24"),
(96,25,"16900824-0559","2016-12-25","2018-03-29"),
(97,30,"16571210-5054","2018-02-06","2017-02-26"),
(98,38,"16541106-3844","2016-11-15","2016-11-29"),
(99,22,"16590706-1609","2017-04-29","2017-06-04"),
(100,6,"16620104-9373","2018-01-28","2017-01-02");

-- -----------------------------------------------------
-- invoice-line-item mock data
-- -----------------------------------------------------

INSERT INTO `invoice_line_item` (`invoice_id`,`description`,`quantity`,`unit_price`) VALUES (86,"nulla. Integer vulputate, risus a ultricies adipiscing,",3,"4.00");
INSERT INTO `invoice_line_item` (`invoice_id`,`description`,`quantity`,`unit_price`) VALUES (33,"eget metus eu",2,"6.68");
INSERT INTO `invoice_line_item` (`invoice_id`,`description`,`quantity`,`unit_price`) VALUES (55,"in faucibus orci luctus et ultrices posuere cubilia Curae;",4,"2.05");
INSERT INTO `invoice_line_item` (`invoice_id`,`description`,`quantity`,`unit_price`) VALUES (92,"Proin vel arcu eu odio tristique pharetra. Quisque ac",2,"1.58");
INSERT INTO `invoice_line_item` (`invoice_id`,`description`,`quantity`,`unit_price`) VALUES (14,"nisi magna sed dui.",3,"1.65");
INSERT INTO `invoice_line_item` (`invoice_id`,`description`,`quantity`,`unit_price`) VALUES (19,"tellus, imperdiet non, vestibulum nec,",3,"5.90");
INSERT INTO `invoice_line_item` (`invoice_id`,`description`,`quantity`,`unit_price`) VALUES (7,"cursus in, hendrerit consectetuer, cursus et,",3,"3.74");
INSERT INTO `invoice_line_item` (`invoice_id`,`description`,`quantity`,`unit_price`) VALUES (42,"egestas, urna justo faucibus lectus, a sollicitudin",4,"7.85");
INSERT INTO `invoice_line_item` (`invoice_id`,`description`,`quantity`,`unit_price`) VALUES (74,"enim. Sed nulla ante, iaculis nec, eleifend",4,"7.64");
INSERT INTO `invoice_line_item` (`invoice_id`,`description`,`quantity`,`unit_price`) VALUES (88,"eget tincidunt dui augue eu tellus. Phasellus elit pede, malesuada",2,"2.18");
INSERT INTO `invoice_line_item` (`invoice_id`,`description`,`quantity`,`unit_price`) VALUES (2,"Aliquam ultrices iaculis odio. Nam interdum",5,"2.60");
INSERT INTO `invoice_line_item` (`invoice_id`,`description`,`quantity`,`unit_price`) VALUES (38,"eu, ultrices sit",2,"8.94");
INSERT INTO `invoice_line_item` (`invoice_id`,`description`,`quantity`,`unit_price`) VALUES (50,"accumsan interdum libero dui",4,"9.67");
INSERT INTO `invoice_line_item` (`invoice_id`,`description`,`quantity`,`unit_price`) VALUES (90,"ipsum. Suspendisse sagittis. Nullam vitae diam. Proin dolor. Nulla",1,"6.59");
INSERT INTO `invoice_line_item` (`invoice_id`,`description`,`quantity`,`unit_price`) VALUES (37,"nisi a odio semper cursus. Integer mollis. Integer tincidunt",4,"0.00");
INSERT INTO `invoice_line_item` (`invoice_id`,`description`,`quantity`,`unit_price`) VALUES (16,"Nulla eu neque pellentesque massa",4,"1.89");
INSERT INTO `invoice_line_item` (`invoice_id`,`description`,`quantity`,`unit_price`) VALUES (4,"vitae risus. Duis a mi fringilla mi lacinia mattis. Integer",4,"7.72");
INSERT INTO `invoice_line_item` (`invoice_id`,`description`,`quantity`,`unit_price`) VALUES (88,"accumsan neque et nunc. Quisque ornare tortor at risus.",5,"7.25");
INSERT INTO `invoice_line_item` (`invoice_id`,`description`,`quantity`,`unit_price`) VALUES (97,"consectetuer, cursus et, magna. Praesent interdum ligula eu enim.",5,"4.66");
INSERT INTO `invoice_line_item` (`invoice_id`,`description`,`quantity`,`unit_price`) VALUES (45,"Cras interdum. Nunc sollicitudin commodo ipsum. Suspendisse non leo. Vivamus",1,"3.00");
INSERT INTO `invoice_line_item` (`invoice_id`,`description`,`quantity`,`unit_price`) VALUES (88,"arcu eu odio",5,"4.98");
INSERT INTO `invoice_line_item` (`invoice_id`,`description`,`quantity`,`unit_price`) VALUES (20,"enim non nisi. Aenean",5,"7.65");
INSERT INTO `invoice_line_item` (`invoice_id`,`description`,`quantity`,`unit_price`) VALUES (56,"eget ipsum. Suspendisse sagittis. Nullam vitae diam. Proin dolor.",5,"8.67");
INSERT INTO `invoice_line_item` (`invoice_id`,`description`,`quantity`,`unit_price`) VALUES (75,"egestas lacinia. Sed congue, elit sed consequat",5,"8.58");
INSERT INTO `invoice_line_item` (`invoice_id`,`description`,`quantity`,`unit_price`) VALUES (41,"risus, at fringilla purus",5,"8.55");
INSERT INTO `invoice_line_item` (`invoice_id`,`description`,`quantity`,`unit_price`) VALUES (76,"Duis ac arcu. Nunc mauris. Morbi non sapien",4,"7.85");
INSERT INTO `invoice_line_item` (`invoice_id`,`description`,`quantity`,`unit_price`) VALUES (52,"non, feugiat nec, diam. Duis mi enim,",5,"5.23");
INSERT INTO `invoice_line_item` (`invoice_id`,`description`,`quantity`,`unit_price`) VALUES (76,"auctor quis, tristique ac, eleifend",2,"6.49");
INSERT INTO `invoice_line_item` (`invoice_id`,`description`,`quantity`,`unit_price`) VALUES (24,"Praesent luctus. Curabitur egestas nunc sed libero. Proin",1,"7.16");
INSERT INTO `invoice_line_item` (`invoice_id`,`description`,`quantity`,`unit_price`) VALUES (96,"ac tellus. Suspendisse sed dolor.",4,"3.68");
INSERT INTO `invoice_line_item` (`invoice_id`,`description`,`quantity`,`unit_price`) VALUES (7,"dui nec urna suscipit nonummy. Fusce fermentum fermentum arcu.",3,"1.61");
INSERT INTO `invoice_line_item` (`invoice_id`,`description`,`quantity`,`unit_price`) VALUES (35,"Suspendisse tristique neque venenatis lacus. Etiam",5,"4.31");
INSERT INTO `invoice_line_item` (`invoice_id`,`description`,`quantity`,`unit_price`) VALUES (22,"non arcu. Vivamus sit",5,"7.27");
INSERT INTO `invoice_line_item` (`invoice_id`,`description`,`quantity`,`unit_price`) VALUES (36,"feugiat metus sit amet ante. Vivamus non lorem",4,"6.33");
INSERT INTO `invoice_line_item` (`invoice_id`,`description`,`quantity`,`unit_price`) VALUES (9,"congue, elit sed consequat auctor, nunc",3,"1.01");
INSERT INTO `invoice_line_item` (`invoice_id`,`description`,`quantity`,`unit_price`) VALUES (76,"imperdiet ullamcorper. Duis at lacus. Quisque purus",5,"3.18");
INSERT INTO `invoice_line_item` (`invoice_id`,`description`,`quantity`,`unit_price`) VALUES (92,"mauris, rhoncus id,",2,"7.97");
INSERT INTO `invoice_line_item` (`invoice_id`,`description`,`quantity`,`unit_price`) VALUES (82,"Mauris vestibulum, neque sed dictum eleifend, nunc risus varius",3,"1.80");
INSERT INTO `invoice_line_item` (`invoice_id`,`description`,`quantity`,`unit_price`) VALUES (76,"et ultrices posuere",2,"6.89");
INSERT INTO `invoice_line_item` (`invoice_id`,`description`,`quantity`,`unit_price`) VALUES (86,"nostra, per inceptos hymenaeos. Mauris ut quam vel",3,"6.50");
INSERT INTO `invoice_line_item` (`invoice_id`,`description`,`quantity`,`unit_price`) VALUES (44,"ultrices posuere cubilia",2,"8.72");
INSERT INTO `invoice_line_item` (`invoice_id`,`description`,`quantity`,`unit_price`) VALUES (58,"libero. Morbi accumsan laoreet ipsum. Curabitur consequat,",2,"5.42");
INSERT INTO `invoice_line_item` (`invoice_id`,`description`,`quantity`,`unit_price`) VALUES (66,"magna. Ut tincidunt orci quis lectus. Nullam suscipit, est ac",4,"2.92");
INSERT INTO `invoice_line_item` (`invoice_id`,`description`,`quantity`,`unit_price`) VALUES (88,"enim. Nunc ut erat.",1,"7.98");
INSERT INTO `invoice_line_item` (`invoice_id`,`description`,`quantity`,`unit_price`) VALUES (79,"dapibus id, blandit at,",2,"5.59");
INSERT INTO `invoice_line_item` (`invoice_id`,`description`,`quantity`,`unit_price`) VALUES (25,"elit, pellentesque a, facilisis non, bibendum sed, est. Nunc laoreet",1,"6.99");
INSERT INTO `invoice_line_item` (`invoice_id`,`description`,`quantity`,`unit_price`) VALUES (83,"Cras sed leo. Cras vehicula aliquet libero. Integer in magna.",4,"5.54");
INSERT INTO `invoice_line_item` (`invoice_id`,`description`,`quantity`,`unit_price`) VALUES (72,"purus ac tellus. Suspendisse sed dolor. Fusce mi lorem, vehicula",5,"6.17");
INSERT INTO `invoice_line_item` (`invoice_id`,`description`,`quantity`,`unit_price`) VALUES (69,"erat. Sed nunc est, mollis non,",2,"9.16");
INSERT INTO `invoice_line_item` (`invoice_id`,`description`,`quantity`,`unit_price`) VALUES (53,"nec quam. Curabitur vel lectus. Cum sociis natoque penatibus",2,"9.76");
INSERT INTO `invoice_line_item` (`invoice_id`,`description`,`quantity`,`unit_price`) VALUES (9,"Curae; Phasellus ornare. Fusce mollis.",2,"0.09");
INSERT INTO `invoice_line_item` (`invoice_id`,`description`,`quantity`,`unit_price`) VALUES (87,"Donec nibh. Quisque nonummy ipsum non arcu. Vivamus sit",4,"1.87");
INSERT INTO `invoice_line_item` (`invoice_id`,`description`,`quantity`,`unit_price`) VALUES (46,"erat eget ipsum. Suspendisse sagittis. Nullam vitae diam. Proin",3,"8.69");
INSERT INTO `invoice_line_item` (`invoice_id`,`description`,`quantity`,`unit_price`) VALUES (20,"orci luctus et ultrices posuere cubilia",4,"5.79");
INSERT INTO `invoice_line_item` (`invoice_id`,`description`,`quantity`,`unit_price`) VALUES (79,"orci, consectetuer euismod",4,"7.23");
INSERT INTO `invoice_line_item` (`invoice_id`,`description`,`quantity`,`unit_price`) VALUES (99,"volutpat nunc sit amet metus. Aliquam erat volutpat.",4,"6.89");
INSERT INTO `invoice_line_item` (`invoice_id`,`description`,`quantity`,`unit_price`) VALUES (90,"Phasellus at augue id ante dictum",2,"0.39");
INSERT INTO `invoice_line_item` (`invoice_id`,`description`,`quantity`,`unit_price`) VALUES (82,"Nulla eget metus eu",2,"5.75");
INSERT INTO `invoice_line_item` (`invoice_id`,`description`,`quantity`,`unit_price`) VALUES (16,"laoreet lectus quis massa.",4,"0.91");
INSERT INTO `invoice_line_item` (`invoice_id`,`description`,`quantity`,`unit_price`) VALUES (37,"lorem ut aliquam iaculis, lacus pede sagittis augue,",1,"2.36");
INSERT INTO `invoice_line_item` (`invoice_id`,`description`,`quantity`,`unit_price`) VALUES (15,"tempor diam dictum sapien. Aenean massa.",5,"3.04");
INSERT INTO `invoice_line_item` (`invoice_id`,`description`,`quantity`,`unit_price`) VALUES (97,"arcu. Sed eu nibh vulputate mauris sagittis placerat. Cras dictum",2,"4.72");
INSERT INTO `invoice_line_item` (`invoice_id`,`description`,`quantity`,`unit_price`) VALUES (63,"sollicitudin adipiscing ligula. Aenean gravida",4,"6.83");
INSERT INTO `invoice_line_item` (`invoice_id`,`description`,`quantity`,`unit_price`) VALUES (99,"rutrum. Fusce dolor",1,"6.07");
INSERT INTO `invoice_line_item` (`invoice_id`,`description`,`quantity`,`unit_price`) VALUES (36,"Nam consequat dolor vitae dolor. Donec fringilla.",1,"7.34");
INSERT INTO `invoice_line_item` (`invoice_id`,`description`,`quantity`,`unit_price`) VALUES (28,"iaculis quis, pede. Praesent eu dui. Cum sociis natoque",3,"2.88");
INSERT INTO `invoice_line_item` (`invoice_id`,`description`,`quantity`,`unit_price`) VALUES (41,"Aenean gravida nunc sed pede. Cum sociis natoque",3,"5.01");
INSERT INTO `invoice_line_item` (`invoice_id`,`description`,`quantity`,`unit_price`) VALUES (46,"id magna et",2,"9.38");
INSERT INTO `invoice_line_item` (`invoice_id`,`description`,`quantity`,`unit_price`) VALUES (52,"malesuada augue ut lacus. Nulla tincidunt, neque vitae semper egestas,",1,"2.73");
INSERT INTO `invoice_line_item` (`invoice_id`,`description`,`quantity`,`unit_price`) VALUES (91,"ultrices posuere cubilia Curae; Phasellus",4,"4.07");
INSERT INTO `invoice_line_item` (`invoice_id`,`description`,`quantity`,`unit_price`) VALUES (77,"porta elit, a",5,"7.15");
INSERT INTO `invoice_line_item` (`invoice_id`,`description`,`quantity`,`unit_price`) VALUES (24,"gravida mauris ut mi. Duis risus odio,",3,"9.11");
INSERT INTO `invoice_line_item` (`invoice_id`,`description`,`quantity`,`unit_price`) VALUES (9,"nisl. Nulla eu neque pellentesque",1,"1.64");
INSERT INTO `invoice_line_item` (`invoice_id`,`description`,`quantity`,`unit_price`) VALUES (65,"lobortis risus. In mi pede, nonummy ut, molestie",4,"6.36");
INSERT INTO `invoice_line_item` (`invoice_id`,`description`,`quantity`,`unit_price`) VALUES (87,"vulputate mauris sagittis placerat. Cras dictum",5,"5.05");
INSERT INTO `invoice_line_item` (`invoice_id`,`description`,`quantity`,`unit_price`) VALUES (79,"consectetuer adipiscing elit. Etiam laoreet, libero et tristique pellentesque, tellus",5,"3.74");
INSERT INTO `invoice_line_item` (`invoice_id`,`description`,`quantity`,`unit_price`) VALUES (88,"purus ac tellus. Suspendisse sed dolor. Fusce",3,"5.12");
INSERT INTO `invoice_line_item` (`invoice_id`,`description`,`quantity`,`unit_price`) VALUES (52,"a feugiat tellus",5,"2.15");
INSERT INTO `invoice_line_item` (`invoice_id`,`description`,`quantity`,`unit_price`) VALUES (63,"enim, sit amet ornare lectus justo eu arcu. Morbi sit",5,"9.17");
INSERT INTO `invoice_line_item` (`invoice_id`,`description`,`quantity`,`unit_price`) VALUES (69,"et, magna. Praesent interdum ligula eu enim. Etiam imperdiet dictum",3,"7.70");
INSERT INTO `invoice_line_item` (`invoice_id`,`description`,`quantity`,`unit_price`) VALUES (68,"sit amet massa. Quisque porttitor eros nec",4,"2.63");
INSERT INTO `invoice_line_item` (`invoice_id`,`description`,`quantity`,`unit_price`) VALUES (85,"dignissim tempor arcu. Vestibulum ut eros non enim commodo",5,"0.21");
INSERT INTO `invoice_line_item` (`invoice_id`,`description`,`quantity`,`unit_price`) VALUES (15,"amet ultricies sem magna",5,"3.44");
INSERT INTO `invoice_line_item` (`invoice_id`,`description`,`quantity`,`unit_price`) VALUES (70,"eros non enim commodo hendrerit.",1,"2.44");
INSERT INTO `invoice_line_item` (`invoice_id`,`description`,`quantity`,`unit_price`) VALUES (97,"Curabitur dictum. Phasellus in felis. Nulla tempor augue",3,"5.43");
INSERT INTO `invoice_line_item` (`invoice_id`,`description`,`quantity`,`unit_price`) VALUES (4,"enim, sit amet ornare lectus justo eu",3,"5.96");
INSERT INTO `invoice_line_item` (`invoice_id`,`description`,`quantity`,`unit_price`) VALUES (7,"diam vel arcu. Curabitur",4,"4.13");
INSERT INTO `invoice_line_item` (`invoice_id`,`description`,`quantity`,`unit_price`) VALUES (69,"Vivamus non lorem vitae odio sagittis semper.",3,"2.31");
INSERT INTO `invoice_line_item` (`invoice_id`,`description`,`quantity`,`unit_price`) VALUES (90,"luctus vulputate, nisi",2,"9.41");
INSERT INTO `invoice_line_item` (`invoice_id`,`description`,`quantity`,`unit_price`) VALUES (12,"ridiculus mus. Aenean eget magna. Suspendisse tristique",1,"8.65");
INSERT INTO `invoice_line_item` (`invoice_id`,`description`,`quantity`,`unit_price`) VALUES (83,"purus gravida sagittis. Duis",3,"7.60");
INSERT INTO `invoice_line_item` (`invoice_id`,`description`,`quantity`,`unit_price`) VALUES (71,"velit eu sem. Pellentesque ut",2,"9.21");
INSERT INTO `invoice_line_item` (`invoice_id`,`description`,`quantity`,`unit_price`) VALUES (66,"Proin vel nisl. Quisque fringilla euismod",1,"4.61");
INSERT INTO `invoice_line_item` (`invoice_id`,`description`,`quantity`,`unit_price`) VALUES (94,"nisi magna sed dui. Fusce aliquam, enim nec tempus scelerisque,",4,"9.19");
INSERT INTO `invoice_line_item` (`invoice_id`,`description`,`quantity`,`unit_price`) VALUES (36,"nisl. Nulla eu neque pellentesque massa lobortis ultrices.",1,"3.34");
INSERT INTO `invoice_line_item` (`invoice_id`,`description`,`quantity`,`unit_price`) VALUES (75,"diam dictum sapien. Aenean massa. Integer vitae nibh. Donec est",3,"0.77");
INSERT INTO `invoice_line_item` (`invoice_id`,`description`,`quantity`,`unit_price`) VALUES (88,"mus. Proin vel nisl. Quisque fringilla",3,"5.31");
INSERT INTO `invoice_line_item` (`invoice_id`,`description`,`quantity`,`unit_price`) VALUES (59,"augue ut lacus. Nulla tincidunt, neque vitae semper egestas, urna",2,"8.66");
INSERT INTO `invoice_line_item` (`invoice_id`,`description`,`quantity`,`unit_price`) VALUES (53,"augue id ante dictum cursus. Nunc mauris",1,"2.48");
INSERT INTO `invoice_line_item` (`invoice_id`,`description`,`quantity`,`unit_price`) VALUES (95,"Sed nunc est, mollis non, cursus non, egestas a, dui.",4,"6.70");

-- -----------------------------------------------------
-- job_schedule mock data
-- -----------------------------------------------------

insert into job_schedule (start_dtm, h, finish_dtm, job_id, field_staff_id) values ('2017-05-01 11:04:44', 1, '2017-05-01 12:04:44', 40, 20);
insert into job_schedule (start_dtm, h, finish_dtm, job_id, field_staff_id) values ('2017-07-07 21:17:31', 3, '2017-07-08 00:17:31', 9, 7);
insert into job_schedule (start_dtm, h, finish_dtm, job_id, field_staff_id) values ('2017-06-02 11:21:13', 6, '2017-06-02 17:21:13', 16, 14);
insert into job_schedule (start_dtm, h, finish_dtm, job_id, field_staff_id) values ('2017-07-09 22:15:09', 7, '2017-07-10 05:15:09', 37, 2);
insert into job_schedule (start_dtm, h, finish_dtm, job_id, field_staff_id) values ('2017-06-30 11:21:22', 7, '2017-06-30 18:21:22', 28, 4);
insert into job_schedule (start_dtm, h, finish_dtm, job_id, field_staff_id) values ('2017-06-15 01:07:37', 7, '2017-06-15 08:07:37', 38, 14);
insert into job_schedule (start_dtm, h, finish_dtm, job_id, field_staff_id) values ('2017-05-28 09:18:01', 7, '2017-05-28 16:18:01', 34, 5);
insert into job_schedule (start_dtm, h, finish_dtm, job_id, field_staff_id) values ('2017-05-05 12:25:06', 4, '2017-05-05 16:25:06', 35, 6);
insert into job_schedule (start_dtm, h, finish_dtm, job_id, field_staff_id) values ('2017-04-20 19:14:05', 3, '2017-04-20 22:14:05', 8, 12);
insert into job_schedule (start_dtm, h, finish_dtm, job_id, field_staff_id) values ('2017-05-28 01:56:53', 1, '2017-05-28 02:56:53', 1, 3);
insert into job_schedule (start_dtm, h, finish_dtm, job_id, field_staff_id) values ('2017-06-29 12:59:32', 3, '2017-06-29 15:59:32', 34, 14);
insert into job_schedule (start_dtm, h, finish_dtm, job_id, field_staff_id) values ('2017-06-04 21:08:56', 3, '2017-06-05 00:08:56', 25, 3);
insert into job_schedule (start_dtm, h, finish_dtm, job_id, field_staff_id) values ('2017-06-24 11:41:41', 4, '2017-06-24 15:41:41', 30, 4);
insert into job_schedule (start_dtm, h, finish_dtm, job_id, field_staff_id) values ('2017-05-05 13:30:53', 4, '2017-05-05 17:30:53', 10, 15);
insert into job_schedule (start_dtm, h, finish_dtm, job_id, field_staff_id) values ('2017-06-12 17:52:20', 6, '2017-06-12 23:52:20', 36, 14);
insert into job_schedule (start_dtm, h, finish_dtm, job_id, field_staff_id) values ('2017-05-05 12:56:15', 5, '2017-05-05 17:56:15', 21, 20);
insert into job_schedule (start_dtm, h, finish_dtm, job_id, field_staff_id) values ('2017-04-03 12:52:23', 2, '2017-04-03 14:52:23', 7, 2);
insert into job_schedule (start_dtm, h, finish_dtm, job_id, field_staff_id) values ('2017-06-21 00:20:32', 2, '2017-06-21 02:20:32', 9, 4);
insert into job_schedule (start_dtm, h, finish_dtm, job_id, field_staff_id) values ('2017-04-29 18:00:25', 7, '2017-04-30 01:00:25', 23, 8);
insert into job_schedule (start_dtm, h, finish_dtm, job_id, field_staff_id) values ('2017-07-06 22:56:07', 6, '2017-07-07 04:56:07', 5, 13);
insert into job_schedule (start_dtm, h, finish_dtm, job_id, field_staff_id) values ('2017-04-04 00:52:34', 5, '2017-04-04 05:52:34', 18, 15);
insert into job_schedule (start_dtm, h, finish_dtm, job_id, field_staff_id) values ('2017-06-28 03:21:35', 1, '2017-06-28 04:21:35', 26, 6);
insert into job_schedule (start_dtm, h, finish_dtm, job_id, field_staff_id) values ('2017-05-24 07:10:06', 5, '2017-05-24 12:10:06', 39, 4);
insert into job_schedule (start_dtm, h, finish_dtm, job_id, field_staff_id) values ('2017-04-23 00:31:00', 5, '2017-04-23 05:31:00', 40, 2);
insert into job_schedule (start_dtm, h, finish_dtm, job_id, field_staff_id) values ('2017-04-11 02:19:13', 6, '2017-04-11 08:19:13', 30, 6);
insert into job_schedule (start_dtm, h, finish_dtm, job_id, field_staff_id) values ('2017-06-10 06:05:27', 4, '2017-06-10 10:05:27', 5, 14);
insert into job_schedule (start_dtm, h, finish_dtm, job_id, field_staff_id) values ('2017-04-01 12:35:29', 2, '2017-04-01 14:35:29', 16, 18);
insert into job_schedule (start_dtm, h, finish_dtm, job_id, field_staff_id) values ('2017-04-10 02:01:58', 6, '2017-04-10 08:01:58', 22, 7);
insert into job_schedule (start_dtm, h, finish_dtm, job_id, field_staff_id) values ('2017-05-25 21:20:18', 3, '2017-05-26 00:20:18', 33, 18);
insert into job_schedule (start_dtm, h, finish_dtm, job_id, field_staff_id) values ('2017-05-25 08:15:29', 6, '2017-05-25 14:15:29', 4, 3);
insert into job_schedule (start_dtm, h, finish_dtm, job_id, field_staff_id) values ('2017-06-07 13:06:41', 6, '2017-06-07 19:06:41', 24, 5);
insert into job_schedule (start_dtm, h, finish_dtm, job_id, field_staff_id) values ('2017-05-31 20:24:29', 7, '2017-06-01 03:24:29', 26, 13);
insert into job_schedule (start_dtm, h, finish_dtm, job_id, field_staff_id) values ('2017-04-15 23:02:52', 2, '2017-04-16 01:02:52', 20, 3);
insert into job_schedule (start_dtm, h, finish_dtm, job_id, field_staff_id) values ('2017-05-04 01:45:35', 6, '2017-05-04 07:45:35', 12, 3);
insert into job_schedule (start_dtm, h, finish_dtm, job_id, field_staff_id) values ('2017-06-30 21:19:56', 3, '2017-07-01 00:19:56', 10, 18);
insert into job_schedule (start_dtm, h, finish_dtm, job_id, field_staff_id) values ('2017-05-15 09:25:29', 2, '2017-05-15 11:25:29', 20, 2);
insert into job_schedule (start_dtm, h, finish_dtm, job_id, field_staff_id) values ('2017-04-07 12:25:39', 5, '2017-04-07 17:25:39', 14, 3);
insert into job_schedule (start_dtm, h, finish_dtm, job_id, field_staff_id) values ('2017-07-05 10:44:40', 1, '2017-07-05 11:44:40', 5, 16);
insert into job_schedule (start_dtm, h, finish_dtm, job_id, field_staff_id) values ('2017-06-25 15:59:01', 7, '2017-06-25 22:59:01', 32, 4);
insert into job_schedule (start_dtm, h, finish_dtm, job_id, field_staff_id) values ('2017-06-13 04:49:58', 7, '2017-06-13 11:49:58', 29, 19);
insert into job_schedule (start_dtm, h, finish_dtm, job_id, field_staff_id) values ('2017-05-20 00:16:40', 6, '2017-05-20 06:16:40', 21, 8);
insert into job_schedule (start_dtm, h, finish_dtm, job_id, field_staff_id) values ('2017-04-01 02:09:34', 4, '2017-04-01 06:09:34', 10, 17);
insert into job_schedule (start_dtm, h, finish_dtm, job_id, field_staff_id) values ('2017-05-25 09:07:08', 5, '2017-05-25 14:07:08', 11, 8);
insert into job_schedule (start_dtm, h, finish_dtm, job_id, field_staff_id) values ('2017-04-02 10:08:37', 3, '2017-04-02 13:08:37', 2, 19);
insert into job_schedule (start_dtm, h, finish_dtm, job_id, field_staff_id) values ('2017-04-08 11:02:18', 2, '2017-04-08 13:02:18', 16, 5);
insert into job_schedule (start_dtm, h, finish_dtm, job_id, field_staff_id) values ('2017-06-10 04:44:21', 6, '2017-06-10 10:44:21', 31, 11);
insert into job_schedule (start_dtm, h, finish_dtm, job_id, field_staff_id) values ('2017-05-25 16:25:41', 5, '2017-05-25 21:25:41', 15, 16);
insert into job_schedule (start_dtm, h, finish_dtm, job_id, field_staff_id) values ('2017-04-14 22:18:32', 4, '2017-04-15 02:18:32', 12, 2);
insert into job_schedule (start_dtm, h, finish_dtm, job_id, field_staff_id) values ('2017-06-14 23:13:40', 2, '2017-06-15 01:13:40', 32, 1);
insert into job_schedule (start_dtm, h, finish_dtm, job_id, field_staff_id) values ('2017-07-03 13:11:09', 7, '2017-07-03 20:11:09', 38, 10);
insert into job_schedule (start_dtm, h, finish_dtm, job_id, field_staff_id) values ('2017-06-07 23:48:42', 7, '2017-06-08 06:48:42', 10, 6);
insert into job_schedule (start_dtm, h, finish_dtm, job_id, field_staff_id) values ('2017-06-02 04:24:29', 2, '2017-06-02 06:24:29', 26, 15);
insert into job_schedule (start_dtm, h, finish_dtm, job_id, field_staff_id) values ('2017-05-07 13:37:51', 4, '2017-05-07 17:37:51', 6, 3);
insert into job_schedule (start_dtm, h, finish_dtm, job_id, field_staff_id) values ('2017-05-17 14:17:35', 3, '2017-05-17 17:17:35', 12, 6);
insert into job_schedule (start_dtm, h, finish_dtm, job_id, field_staff_id) values ('2017-04-27 15:53:48', 5, '2017-04-27 20:53:48', 30, 1);
insert into job_schedule (start_dtm, h, finish_dtm, job_id, field_staff_id) values ('2017-05-10 04:52:38', 6, '2017-05-10 10:52:38', 34, 19);
insert into job_schedule (start_dtm, h, finish_dtm, job_id, field_staff_id) values ('2017-05-06 08:34:33', 7, '2017-05-06 15:34:33', 7, 8);
insert into job_schedule (start_dtm, h, finish_dtm, job_id, field_staff_id) values ('2017-05-11 15:23:04', 2, '2017-05-11 17:23:04', 32, 16);
insert into job_schedule (start_dtm, h, finish_dtm, job_id, field_staff_id) values ('2017-05-04 17:37:02', 7, '2017-05-05 00:37:02', 32, 15);
insert into job_schedule (start_dtm, h, finish_dtm, job_id, field_staff_id) values ('2017-05-17 21:32:36', 5, '2017-05-18 02:32:36', 40, 15);
insert into job_schedule (start_dtm, h, finish_dtm, job_id, field_staff_id) values ('2017-07-06 01:09:50', 3, '2017-07-06 04:09:50', 11, 13);
insert into job_schedule (start_dtm, h, finish_dtm, job_id, field_staff_id) values ('2017-06-18 15:27:04', 7, '2017-06-18 22:27:04', 8, 9);
insert into job_schedule (start_dtm, h, finish_dtm, job_id, field_staff_id) values ('2017-05-02 04:21:19', 1, '2017-05-02 05:21:19', 32, 13);
insert into job_schedule (start_dtm, h, finish_dtm, job_id, field_staff_id) values ('2017-06-06 02:57:13', 7, '2017-06-06 09:57:13', 34, 9);
insert into job_schedule (start_dtm, h, finish_dtm, job_id, field_staff_id) values ('2017-04-23 12:42:57', 5, '2017-04-23 17:42:57', 28, 15);
insert into job_schedule (start_dtm, h, finish_dtm, job_id, field_staff_id) values ('2017-06-06 17:52:34', 3, '2017-06-06 20:52:34', 37, 16);
insert into job_schedule (start_dtm, h, finish_dtm, job_id, field_staff_id) values ('2017-05-08 23:44:59', 2, '2017-05-09 01:44:59', 29, 10);
insert into job_schedule (start_dtm, h, finish_dtm, job_id, field_staff_id) values ('2017-06-29 12:16:55', 2, '2017-06-29 14:16:55', 9, 5);
insert into job_schedule (start_dtm, h, finish_dtm, job_id, field_staff_id) values ('2017-07-09 06:42:04', 6, '2017-07-09 12:42:04', 8, 5);
insert into job_schedule (start_dtm, h, finish_dtm, job_id, field_staff_id) values ('2017-05-31 19:40:49', 6, '2017-06-01 01:40:49', 19, 3);
insert into job_schedule (start_dtm, h, finish_dtm, job_id, field_staff_id) values ('2017-05-23 02:17:41', 7, '2017-05-23 09:17:41', 35, 19);
insert into job_schedule (start_dtm, h, finish_dtm, job_id, field_staff_id) values ('2017-04-28 02:04:25', 5, '2017-04-28 07:04:25', 28, 8);
insert into job_schedule (start_dtm, h, finish_dtm, job_id, field_staff_id) values ('2017-04-12 07:19:38', 6, '2017-04-12 13:19:38', 32, 6);
insert into job_schedule (start_dtm, h, finish_dtm, job_id, field_staff_id) values ('2017-05-06 19:31:11', 1, '2017-05-06 20:31:11', 30, 17);
insert into job_schedule (start_dtm, h, finish_dtm, job_id, field_staff_id) values ('2017-05-13 00:12:10', 3, '2017-05-13 03:12:10', 33, 11);
insert into job_schedule (start_dtm, h, finish_dtm, job_id, field_staff_id) values ('2017-04-12 01:32:18', 6, '2017-04-12 07:32:18', 35, 18);
insert into job_schedule (start_dtm, h, finish_dtm, job_id, field_staff_id) values ('2017-04-17 18:32:08', 2, '2017-04-17 20:32:08', 3, 10);
insert into job_schedule (start_dtm, h, finish_dtm, job_id, field_staff_id) values ('2017-06-30 18:40:45', 2, '2017-06-30 20:40:45', 16, 12);
insert into job_schedule (start_dtm, h, finish_dtm, job_id, field_staff_id) values ('2017-04-30 10:35:16', 4, '2017-04-30 14:35:16', 34, 15);
insert into job_schedule (start_dtm, h, finish_dtm, job_id, field_staff_id) values ('2017-07-04 02:42:14', 3, '2017-07-04 05:42:14', 15, 20);
insert into job_schedule (start_dtm, h, finish_dtm, job_id, field_staff_id) values ('2017-07-09 04:35:54', 1, '2017-07-09 05:35:54', 22, 16);
insert into job_schedule (start_dtm, h, finish_dtm, job_id, field_staff_id) values ('2017-05-29 05:47:00', 1, '2017-05-29 06:47:00', 24, 3);
insert into job_schedule (start_dtm, h, finish_dtm, job_id, field_staff_id) values ('2017-06-13 15:16:32', 4, '2017-06-13 19:16:32', 1, 4);
insert into job_schedule (start_dtm, h, finish_dtm, job_id, field_staff_id) values ('2017-05-03 14:02:40', 3, '2017-05-03 17:02:40', 29, 2);
insert into job_schedule (start_dtm, h, finish_dtm, job_id, field_staff_id) values ('2017-05-03 15:57:03', 3, '2017-05-03 18:57:03', 39, 12);
insert into job_schedule (start_dtm, h, finish_dtm, job_id, field_staff_id) values ('2017-04-23 01:59:35', 6, '2017-04-23 07:59:35', 17, 8);
insert into job_schedule (start_dtm, h, finish_dtm, job_id, field_staff_id) values ('2017-05-28 20:54:52', 1, '2017-05-28 21:54:52', 38, 12);
insert into job_schedule (start_dtm, h, finish_dtm, job_id, field_staff_id) values ('2017-07-06 00:50:15', 3, '2017-07-06 03:50:15', 13, 13);
insert into job_schedule (start_dtm, h, finish_dtm, job_id, field_staff_id) values ('2017-06-07 14:23:12', 5, '2017-06-07 19:23:12', 7, 7);
insert into job_schedule (start_dtm, h, finish_dtm, job_id, field_staff_id) values ('2017-05-03 22:25:23', 6, '2017-05-04 04:25:23', 18, 5);
insert into job_schedule (start_dtm, h, finish_dtm, job_id, field_staff_id) values ('2017-06-02 04:01:44', 7, '2017-06-02 11:01:44', 35, 18);
insert into job_schedule (start_dtm, h, finish_dtm, job_id, field_staff_id) values ('2017-06-07 01:55:41', 6, '2017-06-07 07:55:41', 4, 3);
insert into job_schedule (start_dtm, h, finish_dtm, job_id, field_staff_id) values ('2017-05-21 15:38:24', 2, '2017-05-21 17:38:24', 17, 13);
insert into job_schedule (start_dtm, h, finish_dtm, job_id, field_staff_id) values ('2017-04-29 03:43:33', 4, '2017-04-29 07:43:33', 16, 3);
insert into job_schedule (start_dtm, h, finish_dtm, job_id, field_staff_id) values ('2017-04-05 23:03:16', 6, '2017-04-06 05:03:16', 29, 1);
insert into job_schedule (start_dtm, h, finish_dtm, job_id, field_staff_id) values ('2017-05-07 22:18:43', 1, '2017-05-07 23:18:43', 20, 13);
insert into job_schedule (start_dtm, h, finish_dtm, job_id, field_staff_id) values ('2017-07-10 17:50:41', 3, '2017-07-10 20:50:41', 4, 20);
insert into job_schedule (start_dtm, h, finish_dtm, job_id, field_staff_id) values ('2017-05-11 06:03:07', 4, '2017-05-11 10:03:07', 16, 3);
insert into job_schedule (start_dtm, h, finish_dtm, job_id, field_staff_id) values ('2017-07-06 20:40:20', 7, '2017-07-07 03:40:20', 3, 15);
insert into job_schedule (start_dtm, h, finish_dtm, job_id, field_staff_id) values ('2017-05-22 22:39:08', 5, '2017-05-23 03:39:08', 36, 17);
insert into job_schedule (start_dtm, h, finish_dtm, job_id, field_staff_id) values ('2017-04-09 07:47:24', 6, '2017-04-09 13:47:24', 12, 6);
insert into job_schedule (start_dtm, h, finish_dtm, job_id, field_staff_id) values ('2017-04-17 13:49:15', 1, '2017-04-17 14:49:15', 32, 3);
insert into job_schedule (start_dtm, h, finish_dtm, job_id, field_staff_id) values ('2017-05-01 11:31:34', 4, '2017-05-01 15:31:34', 1, 9);
insert into job_schedule (start_dtm, h, finish_dtm, job_id, field_staff_id) values ('2017-04-23 13:50:45', 5, '2017-04-23 18:50:45', 16, 17);
insert into job_schedule (start_dtm, h, finish_dtm, job_id, field_staff_id) values ('2017-05-10 02:20:19', 5, '2017-05-10 07:20:19', 1, 5);
insert into job_schedule (start_dtm, h, finish_dtm, job_id, field_staff_id) values ('2017-05-31 17:54:54', 3, '2017-05-31 20:54:54', 10, 11);
insert into job_schedule (start_dtm, h, finish_dtm, job_id, field_staff_id) values ('2017-05-15 02:10:53', 6, '2017-05-15 08:10:53', 33, 2);
insert into job_schedule (start_dtm, h, finish_dtm, job_id, field_staff_id) values ('2017-05-04 00:27:47', 5, '2017-05-04 05:27:47', 9, 12);
insert into job_schedule (start_dtm, h, finish_dtm, job_id, field_staff_id) values ('2017-07-05 07:11:05', 4, '2017-07-05 11:11:05', 40, 14);
insert into job_schedule (start_dtm, h, finish_dtm, job_id, field_staff_id) values ('2017-04-09 08:35:49', 6, '2017-04-09 14:35:49', 3, 8);
insert into job_schedule (start_dtm, h, finish_dtm, job_id, field_staff_id) values ('2017-06-17 00:45:55', 1, '2017-06-17 01:45:55', 2, 9);
insert into job_schedule (start_dtm, h, finish_dtm, job_id, field_staff_id) values ('2017-04-22 15:08:30', 3, '2017-04-22 18:08:30', 31, 12);
insert into job_schedule (start_dtm, h, finish_dtm, job_id, field_staff_id) values ('2017-04-10 00:29:22', 6, '2017-04-10 06:29:22', 22, 10);
insert into job_schedule (start_dtm, h, finish_dtm, job_id, field_staff_id) values ('2017-04-30 12:33:38', 7, '2017-04-30 19:33:38', 28, 16);
insert into job_schedule (start_dtm, h, finish_dtm, job_id, field_staff_id) values ('2017-05-16 13:33:25', 6, '2017-05-16 19:33:25', 40, 9);
insert into job_schedule (start_dtm, h, finish_dtm, job_id, field_staff_id) values ('2017-04-24 03:09:18', 2, '2017-04-24 05:09:18', 17, 16);
insert into job_schedule (start_dtm, h, finish_dtm, job_id, field_staff_id) values ('2017-04-23 02:20:07', 6, '2017-04-23 08:20:07', 12, 4);
insert into job_schedule (start_dtm, h, finish_dtm, job_id, field_staff_id) values ('2017-06-09 16:59:50', 4, '2017-06-09 20:59:50', 32, 1);
insert into job_schedule (start_dtm, h, finish_dtm, job_id, field_staff_id) values ('2017-06-25 11:22:34', 7, '2017-06-25 18:22:34', 6, 18);
insert into job_schedule (start_dtm, h, finish_dtm, job_id, field_staff_id) values ('2017-04-04 08:48:59', 6, '2017-04-04 14:48:59', 17, 10);
insert into job_schedule (start_dtm, h, finish_dtm, job_id, field_staff_id) values ('2017-07-10 21:01:58', 4, '2017-07-11 01:01:58', 8, 7);
insert into job_schedule (start_dtm, h, finish_dtm, job_id, field_staff_id) values ('2017-05-19 09:08:52', 3, '2017-05-19 12:08:52', 4, 16);
insert into job_schedule (start_dtm, h, finish_dtm, job_id, field_staff_id) values ('2017-06-05 19:02:47', 7, '2017-06-06 02:02:47', 4, 15);
insert into job_schedule (start_dtm, h, finish_dtm, job_id, field_staff_id) values ('2017-04-26 06:22:30', 3, '2017-04-26 09:22:30', 40, 18);
insert into job_schedule (start_dtm, h, finish_dtm, job_id, field_staff_id) values ('2017-04-02 23:29:38', 1, '2017-04-03 00:29:38', 5, 13);
insert into job_schedule (start_dtm, h, finish_dtm, job_id, field_staff_id) values ('2017-05-22 20:09:58', 6, '2017-05-23 02:09:58', 21, 18);
insert into job_schedule (start_dtm, h, finish_dtm, job_id, field_staff_id) values ('2017-06-28 04:39:18', 3, '2017-06-28 07:39:18', 15, 1);
insert into job_schedule (start_dtm, h, finish_dtm, job_id, field_staff_id) values ('2017-04-30 14:22:57', 1, '2017-04-30 15:22:57', 20, 13);
insert into job_schedule (start_dtm, h, finish_dtm, job_id, field_staff_id) values ('2017-04-15 07:19:23', 5, '2017-04-15 12:19:23', 11, 19);
insert into job_schedule (start_dtm, h, finish_dtm, job_id, field_staff_id) values ('2017-06-02 01:47:27', 3, '2017-06-02 04:47:27', 40, 2);
insert into job_schedule (start_dtm, h, finish_dtm, job_id, field_staff_id) values ('2017-05-09 13:50:40', 3, '2017-05-09 16:50:40', 2, 9);
insert into job_schedule (start_dtm, h, finish_dtm, job_id, field_staff_id) values ('2017-05-26 06:21:44', 1, '2017-05-26 07:21:44', 39, 16);
insert into job_schedule (start_dtm, h, finish_dtm, job_id, field_staff_id) values ('2017-05-10 02:44:53', 2, '2017-05-10 04:44:53', 23, 3);
insert into job_schedule (start_dtm, h, finish_dtm, job_id, field_staff_id) values ('2017-04-29 18:47:01', 7, '2017-04-30 01:47:01', 5, 4);
insert into job_schedule (start_dtm, h, finish_dtm, job_id, field_staff_id) values ('2017-05-23 02:35:28', 4, '2017-05-23 06:35:28', 36, 2);
insert into job_schedule (start_dtm, h, finish_dtm, job_id, field_staff_id) values ('2017-06-18 01:31:44', 1, '2017-06-18 02:31:44', 31, 11);
insert into job_schedule (start_dtm, h, finish_dtm, job_id, field_staff_id) values ('2017-04-07 12:53:57', 7, '2017-04-07 19:53:57', 24, 7);
insert into job_schedule (start_dtm, h, finish_dtm, job_id, field_staff_id) values ('2017-06-02 08:35:18', 4, '2017-06-02 12:35:18', 21, 10);
insert into job_schedule (start_dtm, h, finish_dtm, job_id, field_staff_id) values ('2017-06-14 16:42:49', 4, '2017-06-14 20:42:49', 6, 2);
insert into job_schedule (start_dtm, h, finish_dtm, job_id, field_staff_id) values ('2017-04-19 04:51:33', 4, '2017-04-19 08:51:33', 16, 6);
insert into job_schedule (start_dtm, h, finish_dtm, job_id, field_staff_id) values ('2017-06-30 20:16:58', 1, '2017-06-30 21:16:58', 38, 8);
insert into job_schedule (start_dtm, h, finish_dtm, job_id, field_staff_id) values ('2017-05-16 05:16:09', 5, '2017-05-16 10:16:09', 10, 2);
insert into job_schedule (start_dtm, h, finish_dtm, job_id, field_staff_id) values ('2017-04-14 00:23:18', 6, '2017-04-14 06:23:18', 5, 18);
insert into job_schedule (start_dtm, h, finish_dtm, job_id, field_staff_id) values ('2017-05-19 10:35:17', 5, '2017-05-19 15:35:17', 6, 6);
insert into job_schedule (start_dtm, h, finish_dtm, job_id, field_staff_id) values ('2017-06-04 07:01:48', 4, '2017-06-04 11:01:48', 22, 5);
insert into job_schedule (start_dtm, h, finish_dtm, job_id, field_staff_id) values ('2017-05-11 22:39:36', 1, '2017-05-11 23:39:36', 39, 1);
insert into job_schedule (start_dtm, h, finish_dtm, job_id, field_staff_id) values ('2017-05-24 16:42:07', 2, '2017-05-24 18:42:07', 14, 15);
insert into job_schedule (start_dtm, h, finish_dtm, job_id, field_staff_id) values ('2017-04-23 13:05:43', 5, '2017-04-23 18:05:43', 35, 3);
insert into job_schedule (start_dtm, h, finish_dtm, job_id, field_staff_id) values ('2017-04-09 15:00:02', 4, '2017-04-09 19:00:02', 24, 1);
insert into job_schedule (start_dtm, h, finish_dtm, job_id, field_staff_id) values ('2017-06-01 08:51:30', 6, '2017-06-01 14:51:30', 9, 17);
insert into job_schedule (start_dtm, h, finish_dtm, job_id, field_staff_id) values ('2017-04-26 09:40:12', 3, '2017-04-26 12:40:12', 3, 1);
insert into job_schedule (start_dtm, h, finish_dtm, job_id, field_staff_id) values ('2017-04-17 20:34:07', 2, '2017-04-17 22:34:07', 9, 3);
insert into job_schedule (start_dtm, h, finish_dtm, job_id, field_staff_id) values ('2017-06-25 09:10:28', 1, '2017-06-25 10:10:28', 5, 20);
insert into job_schedule (start_dtm, h, finish_dtm, job_id, field_staff_id) values ('2017-04-18 00:46:10', 3, '2017-04-18 03:46:10', 8, 16);
insert into job_schedule (start_dtm, h, finish_dtm, job_id, field_staff_id) values ('2017-04-15 17:47:15', 3, '2017-04-15 20:47:15', 12, 15);
insert into job_schedule (start_dtm, h, finish_dtm, job_id, field_staff_id) values ('2017-05-04 09:50:17', 6, '2017-05-04 15:50:17', 30, 13);
insert into job_schedule (start_dtm, h, finish_dtm, job_id, field_staff_id) values ('2017-05-18 20:11:31', 5, '2017-05-19 01:11:31', 24, 19);
insert into job_schedule (start_dtm, h, finish_dtm, job_id, field_staff_id) values ('2017-06-29 21:48:15', 4, '2017-06-30 01:48:15', 23, 15);
insert into job_schedule (start_dtm, h, finish_dtm, job_id, field_staff_id) values ('2017-06-10 08:41:02', 3, '2017-06-10 11:41:02', 36, 9);
insert into job_schedule (start_dtm, h, finish_dtm, job_id, field_staff_id) values ('2017-07-05 01:18:04', 1, '2017-07-05 02:18:04', 32, 7);
insert into job_schedule (start_dtm, h, finish_dtm, job_id, field_staff_id) values ('2017-04-09 16:16:16', 2, '2017-04-09 18:16:16', 10, 11);
insert into job_schedule (start_dtm, h, finish_dtm, job_id, field_staff_id) values ('2017-05-26 22:43:26', 7, '2017-05-27 05:43:26', 28, 13);
insert into job_schedule (start_dtm, h, finish_dtm, job_id, field_staff_id) values ('2017-04-25 08:46:15', 7, '2017-04-25 15:46:15', 15, 16);
insert into job_schedule (start_dtm, h, finish_dtm, job_id, field_staff_id) values ('2017-05-14 20:53:32', 1, '2017-05-14 21:53:32', 15, 14);
insert into job_schedule (start_dtm, h, finish_dtm, job_id, field_staff_id) values ('2017-04-03 02:08:36', 5, '2017-04-03 07:08:36', 3, 1);
insert into job_schedule (start_dtm, h, finish_dtm, job_id, field_staff_id) values ('2017-04-08 17:58:04', 2, '2017-04-08 19:58:04', 13, 1);
insert into job_schedule (start_dtm, h, finish_dtm, job_id, field_staff_id) values ('2017-05-06 21:07:07', 6, '2017-05-07 03:07:07', 32, 9);
insert into job_schedule (start_dtm, h, finish_dtm, job_id, field_staff_id) values ('2017-06-16 01:08:46', 2, '2017-06-16 03:08:46', 8, 4);
insert into job_schedule (start_dtm, h, finish_dtm, job_id, field_staff_id) values ('2017-05-30 05:33:11', 6, '2017-05-30 11:33:11', 36, 15);
insert into job_schedule (start_dtm, h, finish_dtm, job_id, field_staff_id) values ('2017-04-21 10:23:43', 7, '2017-04-21 17:23:43', 40, 11);
insert into job_schedule (start_dtm, h, finish_dtm, job_id, field_staff_id) values ('2017-04-03 21:40:03', 2, '2017-04-03 23:40:03', 20, 19);
insert into job_schedule (start_dtm, h, finish_dtm, job_id, field_staff_id) values ('2017-04-20 14:55:51', 6, '2017-04-20 20:55:51', 2, 11);
insert into job_schedule (start_dtm, h, finish_dtm, job_id, field_staff_id) values ('2017-06-20 21:52:56', 2, '2017-06-20 23:52:56', 28, 6);
insert into job_schedule (start_dtm, h, finish_dtm, job_id, field_staff_id) values ('2017-05-06 23:55:14', 1, '2017-05-07 00:55:14', 13, 2);
insert into job_schedule (start_dtm, h, finish_dtm, job_id, field_staff_id) values ('2017-06-07 01:59:57', 3, '2017-06-07 04:59:57', 14, 7);
insert into job_schedule (start_dtm, h, finish_dtm, job_id, field_staff_id) values ('2017-06-12 02:59:18', 7, '2017-06-12 09:59:18', 28, 4);
insert into job_schedule (start_dtm, h, finish_dtm, job_id, field_staff_id) values ('2017-04-24 08:39:14', 2, '2017-04-24 10:39:14', 28, 12);
insert into job_schedule (start_dtm, h, finish_dtm, job_id, field_staff_id) values ('2017-06-16 15:17:17', 5, '2017-06-16 20:17:17', 20, 16);
insert into job_schedule (start_dtm, h, finish_dtm, job_id, field_staff_id) values ('2017-07-06 19:51:51', 2, '2017-07-06 21:51:51', 5, 6);
insert into job_schedule (start_dtm, h, finish_dtm, job_id, field_staff_id) values ('2017-05-21 13:46:10', 3, '2017-05-21 16:46:10', 20, 20);
insert into job_schedule (start_dtm, h, finish_dtm, job_id, field_staff_id) values ('2017-05-08 18:21:17', 3, '2017-05-08 21:21:17', 12, 2);
insert into job_schedule (start_dtm, h, finish_dtm, job_id, field_staff_id) values ('2017-04-13 18:23:33', 4, '2017-04-13 22:23:33', 5, 6);
insert into job_schedule (start_dtm, h, finish_dtm, job_id, field_staff_id) values ('2017-04-16 12:18:39', 3, '2017-04-16 15:18:39', 2, 18);
insert into job_schedule (start_dtm, h, finish_dtm, job_id, field_staff_id) values ('2017-04-27 14:05:05', 6, '2017-04-27 20:05:05', 8, 9);
insert into job_schedule (start_dtm, h, finish_dtm, job_id, field_staff_id) values ('2017-07-04 13:19:19', 3, '2017-07-04 16:19:19', 35, 4);
insert into job_schedule (start_dtm, h, finish_dtm, job_id, field_staff_id) values ('2017-05-28 03:28:29', 7, '2017-05-28 10:28:29', 13, 20);
insert into job_schedule (start_dtm, h, finish_dtm, job_id, field_staff_id) values ('2017-05-03 22:20:33', 5, '2017-05-04 03:20:33', 24, 9);
insert into job_schedule (start_dtm, h, finish_dtm, job_id, field_staff_id) values ('2017-04-23 10:46:29', 5, '2017-04-23 15:46:29', 26, 11);
insert into job_schedule (start_dtm, h, finish_dtm, job_id, field_staff_id) values ('2017-06-08 07:16:12', 7, '2017-06-08 14:16:12', 4, 14);
insert into job_schedule (start_dtm, h, finish_dtm, job_id, field_staff_id) values ('2017-04-29 10:22:21', 7, '2017-04-29 17:22:21', 25, 12);
insert into job_schedule (start_dtm, h, finish_dtm, job_id, field_staff_id) values ('2017-05-02 03:38:39', 5, '2017-05-02 08:38:39', 23, 9);
insert into job_schedule (start_dtm, h, finish_dtm, job_id, field_staff_id) values ('2017-06-23 05:19:09', 5, '2017-06-23 10:19:09', 39, 1);
insert into job_schedule (start_dtm, h, finish_dtm, job_id, field_staff_id) values ('2017-04-20 14:34:33', 1, '2017-04-20 15:34:33', 13, 18);
insert into job_schedule (start_dtm, h, finish_dtm, job_id, field_staff_id) values ('2017-05-16 19:33:54', 7, '2017-05-17 02:33:54', 38, 16);
insert into job_schedule (start_dtm, h, finish_dtm, job_id, field_staff_id) values ('2017-04-06 07:04:58', 3, '2017-04-06 10:04:58', 10, 11);
insert into job_schedule (start_dtm, h, finish_dtm, job_id, field_staff_id) values ('2017-06-14 16:27:41', 3, '2017-06-14 19:27:41', 20, 9);
insert into job_schedule (start_dtm, h, finish_dtm, job_id, field_staff_id) values ('2017-07-03 03:03:10', 3, '2017-07-03 06:03:10', 17, 8);
insert into job_schedule (start_dtm, h, finish_dtm, job_id, field_staff_id) values ('2017-04-17 05:39:30', 1, '2017-04-17 06:39:30', 27, 9);
insert into job_schedule (start_dtm, h, finish_dtm, job_id, field_staff_id) values ('2017-06-16 08:42:54', 4, '2017-06-16 12:42:54', 3, 6);
insert into job_schedule (start_dtm, h, finish_dtm, job_id, field_staff_id) values ('2017-06-13 11:58:46', 5, '2017-06-13 16:58:46', 22, 6);

-- -----------------------------------------------------
-- field_work schedule mock data
-- -----------------------------------------------------

insert into field_work (start_dtm, h, finish_dtm, job_id, field_staff_id) values ('2017-05-01 11:04:44', 1, '2017-05-01 12:04:44', 40, 20);
insert into field_work (start_dtm, h, finish_dtm, job_id, field_staff_id) values ('2017-07-07 21:17:31', 3, '2017-07-08 00:17:31', 9, 7);
insert into field_work (start_dtm, h, finish_dtm, job_id, field_staff_id) values ('2017-06-02 11:21:13', 6, '2017-06-02 17:21:13', 16, 14);
insert into field_work (start_dtm, h, finish_dtm, job_id, field_staff_id) values ('2017-07-09 22:15:09', 7, '2017-07-10 05:15:09', 37, 2);
insert into field_work (start_dtm, h, finish_dtm, job_id, field_staff_id) values ('2017-06-30 11:21:22', 7, '2017-06-30 18:21:22', 28, 4);
insert into field_work (start_dtm, h, finish_dtm, job_id, field_staff_id) values ('2017-06-15 01:07:37', 7, '2017-06-15 08:07:37', 38, 14);
insert into field_work (start_dtm, h, finish_dtm, job_id, field_staff_id) values ('2017-05-28 09:18:01', 7, '2017-05-28 16:18:01', 34, 5);
insert into field_work (start_dtm, h, finish_dtm, job_id, field_staff_id) values ('2017-05-05 12:25:06', 4, '2017-05-05 16:25:06', 35, 6);
insert into field_work (start_dtm, h, finish_dtm, job_id, field_staff_id) values ('2017-04-20 19:14:05', 3, '2017-04-20 22:14:05', 8, 12);
insert into field_work (start_dtm, h, finish_dtm, job_id, field_staff_id) values ('2017-05-28 01:56:53', 1, '2017-05-28 02:56:53', 1, 3);
insert into field_work (start_dtm, h, finish_dtm, job_id, field_staff_id) values ('2017-06-29 12:59:32', 3, '2017-06-29 15:59:32', 34, 14);
insert into field_work (start_dtm, h, finish_dtm, job_id, field_staff_id) values ('2017-06-04 21:08:56', 3, '2017-06-05 00:08:56', 25, 3);
insert into field_work (start_dtm, h, finish_dtm, job_id, field_staff_id) values ('2017-06-24 11:41:41', 4, '2017-06-24 15:41:41', 30, 4);
insert into field_work (start_dtm, h, finish_dtm, job_id, field_staff_id) values ('2017-05-05 13:30:53', 4, '2017-05-05 17:30:53', 10, 15);
insert into field_work (start_dtm, h, finish_dtm, job_id, field_staff_id) values ('2017-06-12 17:52:20', 6, '2017-06-12 23:52:20', 36, 14);
insert into field_work (start_dtm, h, finish_dtm, job_id, field_staff_id) values ('2017-05-05 12:56:15', 5, '2017-05-05 17:56:15', 21, 20);
insert into field_work (start_dtm, h, finish_dtm, job_id, field_staff_id) values ('2017-04-03 12:52:23', 2, '2017-04-03 14:52:23', 7, 2);
insert into field_work (start_dtm, h, finish_dtm, job_id, field_staff_id) values ('2017-06-21 00:20:32', 2, '2017-06-21 02:20:32', 9, 4);
insert into field_work (start_dtm, h, finish_dtm, job_id, field_staff_id) values ('2017-04-29 18:00:25', 7, '2017-04-30 01:00:25', 23, 8);
insert into field_work (start_dtm, h, finish_dtm, job_id, field_staff_id) values ('2017-07-06 22:56:07', 6, '2017-07-07 04:56:07', 5, 13);
insert into field_work (start_dtm, h, finish_dtm, job_id, field_staff_id) values ('2017-04-04 00:52:34', 5, '2017-04-04 05:52:34', 18, 15);
insert into field_work (start_dtm, h, finish_dtm, job_id, field_staff_id) values ('2017-06-28 03:21:35', 1, '2017-06-28 04:21:35', 26, 6);
insert into field_work (start_dtm, h, finish_dtm, job_id, field_staff_id) values ('2017-05-24 07:10:06', 5, '2017-05-24 12:10:06', 39, 4);
insert into field_work (start_dtm, h, finish_dtm, job_id, field_staff_id) values ('2017-04-23 00:31:00', 5, '2017-04-23 05:31:00', 40, 2);
insert into field_work (start_dtm, h, finish_dtm, job_id, field_staff_id) values ('2017-04-11 02:19:13', 6, '2017-04-11 08:19:13', 30, 6);
insert into field_work (start_dtm, h, finish_dtm, job_id, field_staff_id) values ('2017-06-10 06:05:27', 4, '2017-06-10 10:05:27', 5, 14);
insert into field_work (start_dtm, h, finish_dtm, job_id, field_staff_id) values ('2017-04-01 12:35:29', 2, '2017-04-01 14:35:29', 16, 18);
insert into field_work (start_dtm, h, finish_dtm, job_id, field_staff_id) values ('2017-04-10 02:01:58', 6, '2017-04-10 08:01:58', 22, 7);
insert into field_work (start_dtm, h, finish_dtm, job_id, field_staff_id) values ('2017-05-25 21:20:18', 3, '2017-05-26 00:20:18', 33, 18);
insert into field_work (start_dtm, h, finish_dtm, job_id, field_staff_id) values ('2017-05-25 08:15:29', 6, '2017-05-25 14:15:29', 4, 3);
insert into field_work (start_dtm, h, finish_dtm, job_id, field_staff_id) values ('2017-06-07 13:06:41', 6, '2017-06-07 19:06:41', 24, 5);
insert into field_work (start_dtm, h, finish_dtm, job_id, field_staff_id) values ('2017-05-31 20:24:29', 7, '2017-06-01 03:24:29', 26, 13);
insert into field_work (start_dtm, h, finish_dtm, job_id, field_staff_id) values ('2017-04-15 23:02:52', 2, '2017-04-16 01:02:52', 20, 3);
insert into field_work (start_dtm, h, finish_dtm, job_id, field_staff_id) values ('2017-05-04 01:45:35', 6, '2017-05-04 07:45:35', 12, 3);
insert into field_work (start_dtm, h, finish_dtm, job_id, field_staff_id) values ('2017-06-30 21:19:56', 3, '2017-07-01 00:19:56', 10, 18);
insert into field_work (start_dtm, h, finish_dtm, job_id, field_staff_id) values ('2017-05-15 09:25:29', 2, '2017-05-15 11:25:29', 20, 2);
insert into field_work (start_dtm, h, finish_dtm, job_id, field_staff_id) values ('2017-04-07 12:25:39', 5, '2017-04-07 17:25:39', 14, 3);
insert into field_work (start_dtm, h, finish_dtm, job_id, field_staff_id) values ('2017-07-05 10:44:40', 1, '2017-07-05 11:44:40', 5, 16);
insert into field_work (start_dtm, h, finish_dtm, job_id, field_staff_id) values ('2017-06-25 15:59:01', 7, '2017-06-25 22:59:01', 32, 4);
insert into field_work (start_dtm, h, finish_dtm, job_id, field_staff_id) values ('2017-06-13 04:49:58', 7, '2017-06-13 11:49:58', 29, 19);
insert into field_work (start_dtm, h, finish_dtm, job_id, field_staff_id) values ('2017-05-20 00:16:40', 6, '2017-05-20 06:16:40', 21, 8);
insert into field_work (start_dtm, h, finish_dtm, job_id, field_staff_id) values ('2017-04-01 02:09:34', 4, '2017-04-01 06:09:34', 10, 17);
insert into field_work (start_dtm, h, finish_dtm, job_id, field_staff_id) values ('2017-05-25 09:07:08', 5, '2017-05-25 14:07:08', 11, 8);
insert into field_work (start_dtm, h, finish_dtm, job_id, field_staff_id) values ('2017-04-02 10:08:37', 3, '2017-04-02 13:08:37', 2, 19);
insert into field_work (start_dtm, h, finish_dtm, job_id, field_staff_id) values ('2017-04-08 11:02:18', 2, '2017-04-08 13:02:18', 16, 5);
insert into field_work (start_dtm, h, finish_dtm, job_id, field_staff_id) values ('2017-06-10 04:44:21', 6, '2017-06-10 10:44:21', 31, 11);
insert into field_work (start_dtm, h, finish_dtm, job_id, field_staff_id) values ('2017-05-25 16:25:41', 5, '2017-05-25 21:25:41', 15, 16);
insert into field_work (start_dtm, h, finish_dtm, job_id, field_staff_id) values ('2017-04-14 22:18:32', 4, '2017-04-15 02:18:32', 12, 2);
insert into field_work (start_dtm, h, finish_dtm, job_id, field_staff_id) values ('2017-06-14 23:13:40', 2, '2017-06-15 01:13:40', 32, 1);
insert into field_work (start_dtm, h, finish_dtm, job_id, field_staff_id) values ('2017-07-03 13:11:09', 7, '2017-07-03 20:11:09', 38, 10);
insert into field_work (start_dtm, h, finish_dtm, job_id, field_staff_id) values ('2017-06-07 23:48:42', 7, '2017-06-08 06:48:42', 10, 6);
insert into field_work (start_dtm, h, finish_dtm, job_id, field_staff_id) values ('2017-06-02 04:24:29', 2, '2017-06-02 06:24:29', 26, 15);
insert into field_work (start_dtm, h, finish_dtm, job_id, field_staff_id) values ('2017-05-07 13:37:51', 4, '2017-05-07 17:37:51', 6, 3);
insert into field_work (start_dtm, h, finish_dtm, job_id, field_staff_id) values ('2017-05-17 14:17:35', 3, '2017-05-17 17:17:35', 12, 6);
insert into field_work (start_dtm, h, finish_dtm, job_id, field_staff_id) values ('2017-04-27 15:53:48', 5, '2017-04-27 20:53:48', 30, 1);
insert into field_work (start_dtm, h, finish_dtm, job_id, field_staff_id) values ('2017-05-10 04:52:38', 6, '2017-05-10 10:52:38', 34, 19);
insert into field_work (start_dtm, h, finish_dtm, job_id, field_staff_id) values ('2017-05-06 08:34:33', 7, '2017-05-06 15:34:33', 7, 8);
insert into field_work (start_dtm, h, finish_dtm, job_id, field_staff_id) values ('2017-05-11 15:23:04', 2, '2017-05-11 17:23:04', 32, 16);
insert into field_work (start_dtm, h, finish_dtm, job_id, field_staff_id) values ('2017-05-04 17:37:02', 7, '2017-05-05 00:37:02', 32, 15);
insert into field_work (start_dtm, h, finish_dtm, job_id, field_staff_id) values ('2017-05-17 21:32:36', 5, '2017-05-18 02:32:36', 40, 15);
insert into field_work (start_dtm, h, finish_dtm, job_id, field_staff_id) values ('2017-07-06 01:09:50', 3, '2017-07-06 04:09:50', 11, 13);
insert into field_work (start_dtm, h, finish_dtm, job_id, field_staff_id) values ('2017-06-18 15:27:04', 7, '2017-06-18 22:27:04', 8, 9);
insert into field_work (start_dtm, h, finish_dtm, job_id, field_staff_id) values ('2017-05-02 04:21:19', 1, '2017-05-02 05:21:19', 32, 13);
insert into field_work (start_dtm, h, finish_dtm, job_id, field_staff_id) values ('2017-06-06 02:57:13', 7, '2017-06-06 09:57:13', 34, 9);
insert into field_work (start_dtm, h, finish_dtm, job_id, field_staff_id) values ('2017-04-23 12:42:57', 5, '2017-04-23 17:42:57', 28, 15);
insert into field_work (start_dtm, h, finish_dtm, job_id, field_staff_id) values ('2017-06-06 17:52:34', 3, '2017-06-06 20:52:34', 37, 16);
insert into field_work (start_dtm, h, finish_dtm, job_id, field_staff_id) values ('2017-05-08 23:44:59', 2, '2017-05-09 01:44:59', 29, 10);
insert into field_work (start_dtm, h, finish_dtm, job_id, field_staff_id) values ('2017-06-29 12:16:55', 2, '2017-06-29 14:16:55', 9, 5);
insert into field_work (start_dtm, h, finish_dtm, job_id, field_staff_id) values ('2017-07-09 06:42:04', 6, '2017-07-09 12:42:04', 8, 5);
insert into field_work (start_dtm, h, finish_dtm, job_id, field_staff_id) values ('2017-05-31 19:40:49', 6, '2017-06-01 01:40:49', 19, 3);
insert into field_work (start_dtm, h, finish_dtm, job_id, field_staff_id) values ('2017-05-23 02:17:41', 7, '2017-05-23 09:17:41', 35, 19);
insert into field_work (start_dtm, h, finish_dtm, job_id, field_staff_id) values ('2017-04-28 02:04:25', 5, '2017-04-28 07:04:25', 28, 8);
insert into field_work (start_dtm, h, finish_dtm, job_id, field_staff_id) values ('2017-04-12 07:19:38', 6, '2017-04-12 13:19:38', 32, 6);
insert into field_work (start_dtm, h, finish_dtm, job_id, field_staff_id) values ('2017-05-06 19:31:11', 1, '2017-05-06 20:31:11', 30, 17);
insert into field_work (start_dtm, h, finish_dtm, job_id, field_staff_id) values ('2017-05-13 00:12:10', 3, '2017-05-13 03:12:10', 33, 11);
insert into field_work (start_dtm, h, finish_dtm, job_id, field_staff_id) values ('2017-04-12 01:32:18', 6, '2017-04-12 07:32:18', 35, 18);
insert into field_work (start_dtm, h, finish_dtm, job_id, field_staff_id) values ('2017-04-17 18:32:08', 2, '2017-04-17 20:32:08', 3, 10);
insert into field_work (start_dtm, h, finish_dtm, job_id, field_staff_id) values ('2017-06-30 18:40:45', 2, '2017-06-30 20:40:45', 16, 12);
insert into field_work (start_dtm, h, finish_dtm, job_id, field_staff_id) values ('2017-04-30 10:35:16', 4, '2017-04-30 14:35:16', 34, 15);
insert into field_work (start_dtm, h, finish_dtm, job_id, field_staff_id) values ('2017-07-04 02:42:14', 3, '2017-07-04 05:42:14', 15, 20);
insert into field_work (start_dtm, h, finish_dtm, job_id, field_staff_id) values ('2017-07-09 04:35:54', 1, '2017-07-09 05:35:54', 22, 16);
insert into field_work (start_dtm, h, finish_dtm, job_id, field_staff_id) values ('2017-05-29 05:47:00', 1, '2017-05-29 06:47:00', 24, 3);
insert into field_work (start_dtm, h, finish_dtm, job_id, field_staff_id) values ('2017-06-13 15:16:32', 4, '2017-06-13 19:16:32', 1, 4);
insert into field_work (start_dtm, h, finish_dtm, job_id, field_staff_id) values ('2017-05-03 14:02:40', 3, '2017-05-03 17:02:40', 29, 2);
insert into field_work (start_dtm, h, finish_dtm, job_id, field_staff_id) values ('2017-05-03 15:57:03', 3, '2017-05-03 18:57:03', 39, 12);
insert into field_work (start_dtm, h, finish_dtm, job_id, field_staff_id) values ('2017-04-23 01:59:35', 6, '2017-04-23 07:59:35', 17, 8);
insert into field_work (start_dtm, h, finish_dtm, job_id, field_staff_id) values ('2017-05-28 20:54:52', 1, '2017-05-28 21:54:52', 38, 12);
insert into field_work (start_dtm, h, finish_dtm, job_id, field_staff_id) values ('2017-07-06 00:50:15', 3, '2017-07-06 03:50:15', 13, 13);
insert into field_work (start_dtm, h, finish_dtm, job_id, field_staff_id) values ('2017-06-07 14:23:12', 5, '2017-06-07 19:23:12', 7, 7);
insert into field_work (start_dtm, h, finish_dtm, job_id, field_staff_id) values ('2017-05-03 22:25:23', 6, '2017-05-04 04:25:23', 18, 5);
insert into field_work (start_dtm, h, finish_dtm, job_id, field_staff_id) values ('2017-06-02 04:01:44', 7, '2017-06-02 11:01:44', 35, 18);
insert into field_work (start_dtm, h, finish_dtm, job_id, field_staff_id) values ('2017-06-07 01:55:41', 6, '2017-06-07 07:55:41', 4, 3);
insert into field_work (start_dtm, h, finish_dtm, job_id, field_staff_id) values ('2017-05-21 15:38:24', 2, '2017-05-21 17:38:24', 17, 13);
insert into field_work (start_dtm, h, finish_dtm, job_id, field_staff_id) values ('2017-04-29 03:43:33', 4, '2017-04-29 07:43:33', 16, 3);
insert into field_work (start_dtm, h, finish_dtm, job_id, field_staff_id) values ('2017-04-05 23:03:16', 6, '2017-04-06 05:03:16', 29, 1);
insert into field_work (start_dtm, h, finish_dtm, job_id, field_staff_id) values ('2017-05-07 22:18:43', 1, '2017-05-07 23:18:43', 20, 13);
insert into field_work (start_dtm, h, finish_dtm, job_id, field_staff_id) values ('2017-07-10 17:50:41', 3, '2017-07-10 20:50:41', 4, 20);
insert into field_work (start_dtm, h, finish_dtm, job_id, field_staff_id) values ('2017-05-11 06:03:07', 4, '2017-05-11 10:03:07', 16, 3);
insert into field_work (start_dtm, h, finish_dtm, job_id, field_staff_id) values ('2017-07-06 20:40:20', 7, '2017-07-07 03:40:20', 3, 15);
insert into field_work (start_dtm, h, finish_dtm, job_id, field_staff_id) values ('2017-05-22 22:39:08', 5, '2017-05-23 03:39:08', 36, 17);
insert into field_work (start_dtm, h, finish_dtm, job_id, field_staff_id) values ('2017-04-09 07:47:24', 6, '2017-04-09 13:47:24', 12, 6);
insert into field_work (start_dtm, h, finish_dtm, job_id, field_staff_id) values ('2017-04-17 13:49:15', 1, '2017-04-17 14:49:15', 32, 3);
insert into field_work (start_dtm, h, finish_dtm, job_id, field_staff_id) values ('2017-05-01 11:31:34', 4, '2017-05-01 15:31:34', 1, 9);
insert into field_work (start_dtm, h, finish_dtm, job_id, field_staff_id) values ('2017-04-23 13:50:45', 5, '2017-04-23 18:50:45', 16, 17);
insert into field_work (start_dtm, h, finish_dtm, job_id, field_staff_id) values ('2017-05-10 02:20:19', 5, '2017-05-10 07:20:19', 1, 5);
insert into field_work (start_dtm, h, finish_dtm, job_id, field_staff_id) values ('2017-05-31 17:54:54', 3, '2017-05-31 20:54:54', 10, 11);
insert into field_work (start_dtm, h, finish_dtm, job_id, field_staff_id) values ('2017-05-15 02:10:53', 6, '2017-05-15 08:10:53', 33, 2);
insert into field_work (start_dtm, h, finish_dtm, job_id, field_staff_id) values ('2017-05-04 00:27:47', 5, '2017-05-04 05:27:47', 9, 12);
insert into field_work (start_dtm, h, finish_dtm, job_id, field_staff_id) values ('2017-07-05 07:11:05', 4, '2017-07-05 11:11:05', 40, 14);
insert into field_work (start_dtm, h, finish_dtm, job_id, field_staff_id) values ('2017-04-09 08:35:49', 6, '2017-04-09 14:35:49', 3, 8);
insert into field_work (start_dtm, h, finish_dtm, job_id, field_staff_id) values ('2017-06-17 00:45:55', 1, '2017-06-17 01:45:55', 2, 9);
insert into field_work (start_dtm, h, finish_dtm, job_id, field_staff_id) values ('2017-04-22 15:08:30', 3, '2017-04-22 18:08:30', 31, 12);
insert into field_work (start_dtm, h, finish_dtm, job_id, field_staff_id) values ('2017-04-10 00:29:22', 6, '2017-04-10 06:29:22', 22, 10);
insert into field_work (start_dtm, h, finish_dtm, job_id, field_staff_id) values ('2017-04-30 12:33:38', 7, '2017-04-30 19:33:38', 28, 16);
insert into field_work (start_dtm, h, finish_dtm, job_id, field_staff_id) values ('2017-05-16 13:33:25', 6, '2017-05-16 19:33:25', 40, 9);
insert into field_work (start_dtm, h, finish_dtm, job_id, field_staff_id) values ('2017-04-24 03:09:18', 2, '2017-04-24 05:09:18', 17, 16);
insert into field_work (start_dtm, h, finish_dtm, job_id, field_staff_id) values ('2017-04-23 02:20:07', 6, '2017-04-23 08:20:07', 12, 4);
insert into field_work (start_dtm, h, finish_dtm, job_id, field_staff_id) values ('2017-06-09 16:59:50', 4, '2017-06-09 20:59:50', 32, 1);
insert into field_work (start_dtm, h, finish_dtm, job_id, field_staff_id) values ('2017-06-25 11:22:34', 7, '2017-06-25 18:22:34', 6, 18);
insert into field_work (start_dtm, h, finish_dtm, job_id, field_staff_id) values ('2017-04-04 08:48:59', 6, '2017-04-04 14:48:59', 17, 10);
insert into field_work (start_dtm, h, finish_dtm, job_id, field_staff_id) values ('2017-07-10 21:01:58', 4, '2017-07-11 01:01:58', 8, 7);
insert into field_work (start_dtm, h, finish_dtm, job_id, field_staff_id) values ('2017-05-19 09:08:52', 3, '2017-05-19 12:08:52', 4, 16);
insert into field_work (start_dtm, h, finish_dtm, job_id, field_staff_id) values ('2017-06-05 19:02:47', 7, '2017-06-06 02:02:47', 4, 15);
insert into field_work (start_dtm, h, finish_dtm, job_id, field_staff_id) values ('2017-04-26 06:22:30', 3, '2017-04-26 09:22:30', 40, 18);
insert into field_work (start_dtm, h, finish_dtm, job_id, field_staff_id) values ('2017-04-02 23:29:38', 1, '2017-04-03 00:29:38', 5, 13);
insert into field_work (start_dtm, h, finish_dtm, job_id, field_staff_id) values ('2017-05-22 20:09:58', 6, '2017-05-23 02:09:58', 21, 18);
insert into field_work (start_dtm, h, finish_dtm, job_id, field_staff_id) values ('2017-06-28 04:39:18', 3, '2017-06-28 07:39:18', 15, 1);
insert into field_work (start_dtm, h, finish_dtm, job_id, field_staff_id) values ('2017-04-30 14:22:57', 1, '2017-04-30 15:22:57', 20, 13);
insert into field_work (start_dtm, h, finish_dtm, job_id, field_staff_id) values ('2017-04-15 07:19:23', 5, '2017-04-15 12:19:23', 11, 19);
insert into field_work (start_dtm, h, finish_dtm, job_id, field_staff_id) values ('2017-06-02 01:47:27', 3, '2017-06-02 04:47:27', 40, 2);
insert into field_work (start_dtm, h, finish_dtm, job_id, field_staff_id) values ('2017-05-09 13:50:40', 3, '2017-05-09 16:50:40', 2, 9);
insert into field_work (start_dtm, h, finish_dtm, job_id, field_staff_id) values ('2017-05-26 06:21:44', 1, '2017-05-26 07:21:44', 39, 16);
insert into field_work (start_dtm, h, finish_dtm, job_id, field_staff_id) values ('2017-05-10 02:44:53', 2, '2017-05-10 04:44:53', 23, 3);
insert into field_work (start_dtm, h, finish_dtm, job_id, field_staff_id) values ('2017-04-29 18:47:01', 7, '2017-04-30 01:47:01', 5, 4);
insert into field_work (start_dtm, h, finish_dtm, job_id, field_staff_id) values ('2017-05-23 02:35:28', 4, '2017-05-23 06:35:28', 36, 2);
insert into field_work (start_dtm, h, finish_dtm, job_id, field_staff_id) values ('2017-06-18 01:31:44', 1, '2017-06-18 02:31:44', 31, 11);
insert into field_work (start_dtm, h, finish_dtm, job_id, field_staff_id) values ('2017-04-07 12:53:57', 7, '2017-04-07 19:53:57', 24, 7);
insert into field_work (start_dtm, h, finish_dtm, job_id, field_staff_id) values ('2017-06-02 08:35:18', 4, '2017-06-02 12:35:18', 21, 10);
insert into field_work (start_dtm, h, finish_dtm, job_id, field_staff_id) values ('2017-06-14 16:42:49', 4, '2017-06-14 20:42:49', 6, 2);
insert into field_work (start_dtm, h, finish_dtm, job_id, field_staff_id) values ('2017-04-19 04:51:33', 4, '2017-04-19 08:51:33', 16, 6);
insert into field_work (start_dtm, h, finish_dtm, job_id, field_staff_id) values ('2017-06-30 20:16:58', 1, '2017-06-30 21:16:58', 38, 8);
insert into field_work (start_dtm, h, finish_dtm, job_id, field_staff_id) values ('2017-05-16 05:16:09', 5, '2017-05-16 10:16:09', 10, 2);
insert into field_work (start_dtm, h, finish_dtm, job_id, field_staff_id) values ('2017-04-14 00:23:18', 6, '2017-04-14 06:23:18', 5, 18);
insert into field_work (start_dtm, h, finish_dtm, job_id, field_staff_id) values ('2017-05-19 10:35:17', 5, '2017-05-19 15:35:17', 6, 6);
insert into field_work (start_dtm, h, finish_dtm, job_id, field_staff_id) values ('2017-06-04 07:01:48', 4, '2017-06-04 11:01:48', 22, 5);
insert into field_work (start_dtm, h, finish_dtm, job_id, field_staff_id) values ('2017-05-11 22:39:36', 1, '2017-05-11 23:39:36', 39, 1);
insert into field_work (start_dtm, h, finish_dtm, job_id, field_staff_id) values ('2017-05-24 16:42:07', 2, '2017-05-24 18:42:07', 14, 15);
insert into field_work (start_dtm, h, finish_dtm, job_id, field_staff_id) values ('2017-04-23 13:05:43', 5, '2017-04-23 18:05:43', 35, 3);
insert into field_work (start_dtm, h, finish_dtm, job_id, field_staff_id) values ('2017-04-09 15:00:02', 4, '2017-04-09 19:00:02', 24, 1);
insert into field_work (start_dtm, h, finish_dtm, job_id, field_staff_id) values ('2017-06-01 08:51:30', 6, '2017-06-01 14:51:30', 9, 17);
insert into field_work (start_dtm, h, finish_dtm, job_id, field_staff_id) values ('2017-04-26 09:40:12', 3, '2017-04-26 12:40:12', 3, 1);
insert into field_work (start_dtm, h, finish_dtm, job_id, field_staff_id) values ('2017-04-17 20:34:07', 2, '2017-04-17 22:34:07', 9, 3);
insert into field_work (start_dtm, h, finish_dtm, job_id, field_staff_id) values ('2017-06-25 09:10:28', 1, '2017-06-25 10:10:28', 5, 20);
insert into field_work (start_dtm, h, finish_dtm, job_id, field_staff_id) values ('2017-04-18 00:46:10', 3, '2017-04-18 03:46:10', 8, 16);
insert into field_work (start_dtm, h, finish_dtm, job_id, field_staff_id) values ('2017-04-15 17:47:15', 3, '2017-04-15 20:47:15', 12, 15);
insert into field_work (start_dtm, h, finish_dtm, job_id, field_staff_id) values ('2017-05-04 09:50:17', 6, '2017-05-04 15:50:17', 30, 13);
insert into field_work (start_dtm, h, finish_dtm, job_id, field_staff_id) values ('2017-05-18 20:11:31', 5, '2017-05-19 01:11:31', 24, 19);
insert into field_work (start_dtm, h, finish_dtm, job_id, field_staff_id) values ('2017-06-29 21:48:15', 4, '2017-06-30 01:48:15', 23, 15);
insert into field_work (start_dtm, h, finish_dtm, job_id, field_staff_id) values ('2017-06-10 08:41:02', 3, '2017-06-10 11:41:02', 36, 9);
insert into field_work (start_dtm, h, finish_dtm, job_id, field_staff_id) values ('2017-07-05 01:18:04', 1, '2017-07-05 02:18:04', 32, 7);
insert into field_work (start_dtm, h, finish_dtm, job_id, field_staff_id) values ('2017-04-09 16:16:16', 2, '2017-04-09 18:16:16', 10, 11);
insert into field_work (start_dtm, h, finish_dtm, job_id, field_staff_id) values ('2017-05-26 22:43:26', 7, '2017-05-27 05:43:26', 28, 13);
insert into field_work (start_dtm, h, finish_dtm, job_id, field_staff_id) values ('2017-04-25 08:46:15', 7, '2017-04-25 15:46:15', 15, 16);
insert into field_work (start_dtm, h, finish_dtm, job_id, field_staff_id) values ('2017-05-14 20:53:32', 1, '2017-05-14 21:53:32', 15, 14);
insert into field_work (start_dtm, h, finish_dtm, job_id, field_staff_id) values ('2017-04-03 02:08:36', 5, '2017-04-03 07:08:36', 3, 1);
insert into field_work (start_dtm, h, finish_dtm, job_id, field_staff_id) values ('2017-04-08 17:58:04', 2, '2017-04-08 19:58:04', 13, 1);
insert into field_work (start_dtm, h, finish_dtm, job_id, field_staff_id) values ('2017-05-06 21:07:07', 6, '2017-05-07 03:07:07', 32, 9);
insert into field_work (start_dtm, h, finish_dtm, job_id, field_staff_id) values ('2017-06-16 01:08:46', 2, '2017-06-16 03:08:46', 8, 4);
insert into field_work (start_dtm, h, finish_dtm, job_id, field_staff_id) values ('2017-05-30 05:33:11', 6, '2017-05-30 11:33:11', 36, 15);
insert into field_work (start_dtm, h, finish_dtm, job_id, field_staff_id) values ('2017-04-21 10:23:43', 7, '2017-04-21 17:23:43', 40, 11);
insert into field_work (start_dtm, h, finish_dtm, job_id, field_staff_id) values ('2017-04-03 21:40:03', 2, '2017-04-03 23:40:03', 20, 19);
insert into field_work (start_dtm, h, finish_dtm, job_id, field_staff_id) values ('2017-04-20 14:55:51', 6, '2017-04-20 20:55:51', 2, 11);
insert into field_work (start_dtm, h, finish_dtm, job_id, field_staff_id) values ('2017-06-20 21:52:56', 2, '2017-06-20 23:52:56', 28, 6);
insert into field_work (start_dtm, h, finish_dtm, job_id, field_staff_id) values ('2017-05-06 23:55:14', 1, '2017-05-07 00:55:14', 13, 2);
insert into field_work (start_dtm, h, finish_dtm, job_id, field_staff_id) values ('2017-06-07 01:59:57', 3, '2017-06-07 04:59:57', 14, 7);
insert into field_work (start_dtm, h, finish_dtm, job_id, field_staff_id) values ('2017-06-12 02:59:18', 7, '2017-06-12 09:59:18', 28, 4);
insert into field_work (start_dtm, h, finish_dtm, job_id, field_staff_id) values ('2017-04-24 08:39:14', 2, '2017-04-24 10:39:14', 28, 12);
insert into field_work (start_dtm, h, finish_dtm, job_id, field_staff_id) values ('2017-06-16 15:17:17', 5, '2017-06-16 20:17:17', 20, 16);
insert into field_work (start_dtm, h, finish_dtm, job_id, field_staff_id) values ('2017-07-06 19:51:51', 2, '2017-07-06 21:51:51', 5, 6);
insert into field_work (start_dtm, h, finish_dtm, job_id, field_staff_id) values ('2017-05-21 13:46:10', 3, '2017-05-21 16:46:10', 20, 20);
insert into field_work (start_dtm, h, finish_dtm, job_id, field_staff_id) values ('2017-05-08 18:21:17', 3, '2017-05-08 21:21:17', 12, 2);
insert into field_work (start_dtm, h, finish_dtm, job_id, field_staff_id) values ('2017-04-13 18:23:33', 4, '2017-04-13 22:23:33', 5, 6);
insert into field_work (start_dtm, h, finish_dtm, job_id, field_staff_id) values ('2017-04-16 12:18:39', 3, '2017-04-16 15:18:39', 2, 18);
insert into field_work (start_dtm, h, finish_dtm, job_id, field_staff_id) values ('2017-04-27 14:05:05', 6, '2017-04-27 20:05:05', 8, 9);
insert into field_work (start_dtm, h, finish_dtm, job_id, field_staff_id) values ('2017-07-04 13:19:19', 3, '2017-07-04 16:19:19', 35, 4);
insert into field_work (start_dtm, h, finish_dtm, job_id, field_staff_id) values ('2017-05-28 03:28:29', 7, '2017-05-28 10:28:29', 13, 20);
insert into field_work (start_dtm, h, finish_dtm, job_id, field_staff_id) values ('2017-05-03 22:20:33', 5, '2017-05-04 03:20:33', 24, 9);
insert into field_work (start_dtm, h, finish_dtm, job_id, field_staff_id) values ('2017-04-23 10:46:29', 5, '2017-04-23 15:46:29', 26, 11);
insert into field_work (start_dtm, h, finish_dtm, job_id, field_staff_id) values ('2017-06-08 07:16:12', 7, '2017-06-08 14:16:12', 4, 14);
insert into field_work (start_dtm, h, finish_dtm, job_id, field_staff_id) values ('2017-04-29 10:22:21', 7, '2017-04-29 17:22:21', 25, 12);
insert into field_work (start_dtm, h, finish_dtm, job_id, field_staff_id) values ('2017-05-02 03:38:39', 5, '2017-05-02 08:38:39', 23, 9);
insert into field_work (start_dtm, h, finish_dtm, job_id, field_staff_id) values ('2017-06-23 05:19:09', 5, '2017-06-23 10:19:09', 39, 1);
insert into field_work (start_dtm, h, finish_dtm, job_id, field_staff_id) values ('2017-04-20 14:34:33', 1, '2017-04-20 15:34:33', 13, 18);
insert into field_work (start_dtm, h, finish_dtm, job_id, field_staff_id) values ('2017-05-16 19:33:54', 7, '2017-05-17 02:33:54', 38, 16);
insert into field_work (start_dtm, h, finish_dtm, job_id, field_staff_id) values ('2017-04-06 07:04:58', 3, '2017-04-06 10:04:58', 10, 11);
insert into field_work (start_dtm, h, finish_dtm, job_id, field_staff_id) values ('2017-06-14 16:27:41', 3, '2017-06-14 19:27:41', 20, 9);
insert into field_work (start_dtm, h, finish_dtm, job_id, field_staff_id) values ('2017-07-03 03:03:10', 3, '2017-07-03 06:03:10', 17, 8);
insert into field_work (start_dtm, h, finish_dtm, job_id, field_staff_id) values ('2017-04-17 05:39:30', 1, '2017-04-17 06:39:30', 27, 9);
insert into field_work (start_dtm, h, finish_dtm, job_id, field_staff_id) values ('2017-06-16 08:42:54', 4, '2017-06-16 12:42:54', 3, 6);
insert into field_work (start_dtm, h, finish_dtm, job_id, field_staff_id) values ('2017-06-13 11:58:46', 5, '2017-06-13 16:58:46', 22, 6);


